query,ground_truth,top_ids,top_scores,correct_in_top_k,rank_of_correct,ground_truth_score
What is the main premise and scope of the Mahabharata as described in its introduction?,1.1,"['1.62', '1.59', '18.6']","[0.5116671919822693, 0.5002167224884033, 0.4716186225414276]",False,,0.3137231767177582
Which topics are briefly listed or summarized at the start of the Mahabharata?,1.1,"['1.59', '18.6', '1.62']","[0.44389617443084717, 0.4367106556892395, 0.4356204569339752]",False,,0.33038532733917236
What glories or benefits are said to come from reading or listening to the Mahabharata?,1.1,"['1.59', '1.62', '18.6']","[0.4720723628997803, 0.4705340564250946, 0.4617387652397156]",False,,0.38757047057151794
What is the significance of the Samantpanchak region in the Mahabharata?,1.2,"['1.2', '3.163', '9.55']","[0.5655589699745178, 0.4725041389465332, 0.463138222694397]",True,1.0,0.5655590295791626
How is the Akshauhini army described or enumerated in the Mahabharata?,1.2,"['5.151', '5.155', '5.19']","[0.530985951423645, 0.4857974350452423, 0.48348936438560486]",False,,0.21277479827404022
Which festivals are mentioned in the Mahabharata and what are their meanings or outcomes?,1.2,"['15.14', '6.113', '1.219']","[0.46923983097076416, 0.4484599828720093, 0.4473682641983032]",False,,0.37056243419647217
What are the stated benefits of reading or hearing the Mahabharata in this section?,1.2,"['1.59', '18.6', '1.62']","[0.5133798122406006, 0.5112552642822266, 0.49794256687164307]",False,,0.24599666893482208
Why did Sage Saramaka curse King Janamejaya?,1.3,"['1.3', '12.151', '2.45']","[0.6539373397827148, 0.5872852802276611, 0.5237212181091309]",True,1.0,0.6539374589920044
How did Janamejaya choose Somashrava as his priest for the serpent sacrifice?,1.3,"['1.60', '1.13', '1.53']","[0.5361878275871277, 0.5317237377166748, 0.5197792053222656]",False,,0.5112449526786804
"What is the story of Aruni, Upamanyu, and their devotion to their Guru Uttanka?",1.3,"['5.14', '1.212', '1.208']","[0.4870973229408264, 0.46703940629959106, 0.46436262130737305]",False,,0.29778069257736206
How did Uttanka inspire Janamejaya to perform the Sarpayajna (snake sacrifice)?,1.3,"['1.60', '1.13', '1.53']","[0.6264044046401978, 0.6253211498260498, 0.6253117918968201]",False,,0.5327496528625488
What happened when the demon Puloma arrived at Sage Bhrigu’s ashram?,1.5,"['1.148', '1.5', '3.161']","[0.49072402715682983, 0.4395221769809723, 0.43232640624046326]",True,2.0,0.4395220875740051
What conversation took place between Puloma and the fire god Agni?,1.5,"['3.134', '3.222', '3.217']","[0.5041974782943726, 0.4991840124130249, 0.4854157269001007]",False,,0.29019850492477417
How was Maharshi Chyavana born?,1.6,"['1.6', '3.126', '1.8']","[0.53985595703125, 0.45392346382141113, 0.45082855224609375]",True,1.0,0.53985595703125
How did Chyavana destroy the demon Puloma?,1.6,"['1.6', '1.148', '4.21']","[0.4703325629234314, 0.46792906522750854, 0.4312976598739624]",True,1.0,0.4703325927257538
"Why did Bhrigu curse the fire god Agni, and what was the outcome?",1.6,"['5.16', '3.217', '3.222']","[0.583682656288147, 0.5640971660614014, 0.5191682577133179]",False,,0.4699379801750183
Why did Agni disappear from the world after being cursed by Bhrigu?,1.7,"['3.217', '3.225', '13.85']","[0.6452714204788208, 0.5503770112991333, 0.5255393385887146]",False,,0.4035966396331787
How did Lord Brahma pacify Agni and mitigate his curse?,1.7,"['3.217', '13.85', '13.155']","[0.5155057907104492, 0.5083634853363037, 0.48936089873313904]",False,,0.38871973752975464
"Who was Pramadvara, and how was she born?",1.8,"['1.8', '3.308', '3.264']","[0.5349816083908081, 0.5266299247741699, 0.5115698575973511]",True,1.0,0.5349816083908081
What conversations took place between Pramadvara and Ruru before their marriage?,1.8,"['1.9', '13.42', '1.199']","[0.5913645625114441, 0.543627142906189, 0.5136182308197021]",False,,0.48690709471702576
"How did Pramadvara die, and what caused her death?",1.8,"['1.9', '13.42', '7.55']","[0.513799786567688, 0.49035799503326416, 0.4815064072608948]",False,,0.4076208472251892
How was Pramadvara revived to live half of Ruru’s lifespan?,1.9,"['1.9', '1.8', '13.42']","[0.5428851842880249, 0.45722895860671997, 0.4445507526397705]",True,1.0,0.5428853034973145
What happened after Ruru and Pramadvara’s marriage?,1.9,"['1.9', '13.42', '1.8']","[0.611484169960022, 0.5752716660499573, 0.555033802986145]",True,1.0,0.611484169960022
Why did Ruru vow to kill all snakes?,1.9,"['1.10', '1.38', '1.11']","[0.7080097198486328, 0.6365073919296265, 0.6121718287467957]",False,,0.3797285556793213
What teachings did Dundubhaka share with Ruru?,1.10,"['1.10', '5.148', '1.11']","[0.44669902324676514, 0.4371914863586426, 0.4216715693473816]",True,1.0,0.44669899344444275
What is the story of Dundubha’s past as revealed in his autobiography?,1.11,"['3.1', '15.22', '1.165']","[0.44707638025283813, 0.44530609250068665, 0.4367232024669647]",False,,0.3537013530731201
What lessons of non-violence did Dundubha impart to Ruru?,1.11,"['2.73', '12.140', '5.58']","[0.49693387746810913, 0.4945225119590759, 0.48487910628318787]",False,,0.4640985131263733
How did Dundubha’s own life experiences influence his teachings to Ruru?,1.11,"['1.10', '1.11', '1.9']","[0.4831049144268036, 0.460877388715744, 0.4329712390899658]",True,2.0,0.46087735891342163
Why was Ruru curious about Janamejaya’s snake charmer?,1.12,"['1.12', '1.10', '1.11']","[0.642807126045227, 0.5600156784057617, 0.5147114992141724]",True,1.0,0.6428070664405823
How did Ruru’s father respond to or satisfy his curiosity?,1.12,"['1.12', '1.9', '1.8']","[0.5424432158470154, 0.5134044885635376, 0.47987663745880127]",True,1.0,0.5424431562423706
What was the significance of the snake charmer in Janamejaya’s story?,1.12,"['1.13', '1.44', '3.180']","[0.5874442458152771, 0.579646646976471, 0.5422714948654175]",False,,0.46231091022491455
Why did Jaratkaru agree to marry at the request of his ancestors?,1.13,"['1.46', '1.14', '1.112']","[0.6704850792884827, 0.584288477897644, 0.5367947816848755]",False,,0.28110334277153015
What was the background or reason behind Jaratkaru’s ancestors asking him to marry?,1.13,"['1.46', '1.14', '1.112']","[0.6524945497512817, 0.5815932750701904, 0.5236179828643799]",False,,0.24228700995445251
How did Jaratkaru’s marriage fulfill his ancestors’ wishes?,1.13,"['1.46', '1.14', '1.112']","[0.6662225723266602, 0.6084641814231873, 0.5725866556167603]",False,,0.2930297553539276
How did Jaratkaru come to marry Vasuki’s sister?,1.14,"['1.14', '1.46', '4.14']","[0.6292613744735718, 0.5063629746437073, 0.505974292755127]",True,1.0,0.6292613744735718
What conditions or circumstances led to the union between Jaratkaru and Vasuki’s sister?,1.14,"['1.14', '1.47', '4.14']","[0.5333465337753296, 0.4722002148628235, 0.45724982023239136]",True,1.0,0.5333465337753296
What is the significance of Jaratkaru’s marriage to Vasuki’s sister in the Mahabharata?,1.14,"['1.14', '1.46', '4.14']","[0.6111658811569214, 0.5316056609153748, 0.5208861231803894]",True,1.0,0.6111658811569214
How did Vinata become Kadru’s slave?,1.23,"['1.23', '1.25', '2.71']","[0.5042921304702759, 0.48446720838546753, 0.4585905373096466]",True,1.0,0.5042921304702759
What is the origin story of Garuda according to the Mahabharata?,1.23,"['1.23', '1.30', '6.56']","[0.5242074131965637, 0.5027011632919312, 0.49065786600112915]",True,1.0,0.524207353591919
Why did the gods praise Garuda after his birth?,1.23,"['12.170', '1.23', '7.66']","[0.5584654808044434, 0.5564889907836914, 0.5517446994781494]",True,2.0,0.5564889907836914
What was the relationship between Vinata and Kadru in this episode?,1.23,"['1.25', '5.5', '5.128']","[0.4648563861846924, 0.458654522895813, 0.4447321593761444]",False,,0.43098121881484985
Why did Garuda reduce his brilliance and size?,1.24,"['1.34', '5.105', '2.21']","[0.5194016695022583, 0.4935513734817505, 0.4848228693008423]",False,,0.3729247450828552
How did Aruna come to occupy his place as the charioteer of the Sun?,1.24,"['8.36', '7.115', '3.42']","[0.5275633335113525, 0.520473837852478, 0.5187073349952698]",False,,0.3587913513183594
"What caused Surya’s intense brilliance and anger, and how was it pacified?",1.24,"['1.24', '7.172', '7.141']","[0.49473515152931213, 0.49132370948791504, 0.48557227849960327]",True,1.0,0.4947351813316345
"What connection exists between Garuda, Aruna, and the Sun in this story?",1.24,"['5.112', '3.224', '1.23']","[0.5808742642402649, 0.5253719687461853, 0.5122441053390503]",False,,0.4416769742965698
Why did Kadru praise Lord Indra in this section?,1.25,"['1.25', '7.4', '5.12']","[0.5188518166542053, 0.5086758136749268, 0.5027496218681335]",True,1.0,0.5188517570495605
How did Indra save the snake that had fainted from the sun’s heat?,1.25,"['1.58', '1.25', '3.66']","[0.5632050037384033, 0.5593130588531494, 0.5464004278182983]",True,2.0,0.5593130588531494
How did Indra cause rain that pleased the serpents?,1.26,"['1.26', '1.25', '1.27']","[0.6769699454307556, 0.660146951675415, 0.5458337664604187]",True,1.0,0.6769699454307556
What events led to the serpents’ happiness after the rain?,1.26,"['1.26', '1.38', '1.36']","[0.6075841784477234, 0.5337784290313721, 0.530572235584259]",True,1.0,0.6075841188430786
What is described about the forest of Ramaniyak Island?,1.27,"['6.6', '6.12', '3.177']","[0.5824863314628601, 0.5271625518798828, 0.47986292839050293]",False,,0.4692946672439575
How did Garuda plan to free himself from slavery to Kadru?,1.27,"['1.23', '1.34', '5.105']","[0.49931496381759644, 0.4796309173107147, 0.4656696319580078]",False,,0.29311156272888184
What role did the serpents play in Garuda’s attempt to gain freedom?,1.27,"['3.180', '3.179', '5.112']","[0.6138553619384766, 0.5632338523864746, 0.5576998591423035]",False,,0.5214743614196777
How is the beauty of Ramaniyak Island portrayed in the Mahabharata?,1.27,"['6.6', '6.12', '3.177']","[0.4852386713027954, 0.4620419144630432, 0.4617639183998108]",False,,0.39520758390426636
Why did Garuda go in search of nectar (amrita)?,1.28,"['1.34', '1.23', '5.112']","[0.5295069217681885, 0.5177221894264221, 0.4917066693305969]",False,,0.3336876928806305
Why did Garuda eat the Nishadas as instructed by his mother?,1.28,"['1.29', '7.64', '5.105']","[0.6340031623840332, 0.5196281671524048, 0.5021228790283203]",False,,0.4274830222129822
What challenges did Garuda face on his journey for the nectar?,1.28,"['5.112', '12.169', '1.23']","[0.522653341293335, 0.508621871471405, 0.5035623908042908]",False,,0.28804701566696167
What story did Kashyapa tell Garuda about the previous births of the elephant and the tortoise?,1.29,"['1.16', '12.170', '1.30']","[0.5183279514312744, 0.5089060068130493, 0.4921141564846039]",False,,0.4534189701080322
How did Garuda capture the elephant and the tortoise?,1.29,"['3.65', '9.20', '14.75']","[0.5805622339248657, 0.5619438886642456, 0.5574931502342224]",False,,0.35404980182647705
What happened when Garuda met Kashyapa after the banyan branch broke?,1.30,"['5.105', '5.67', '12.171']","[0.49775826930999756, 0.47724664211273193, 0.45633935928344727]",False,,0.40948736667633057
Why did Kashyapa request the Valakhilyas to leave the branch for penance?,1.30,"['12.32', '12.328', '7.111']","[0.5504876971244812, 0.515444815158844, 0.514626145362854]",False,,0.348984032869339
How did Indra insult the Valakhilya sages?,1.31,"['5.12', '3.134', '3.224']","[0.6156578063964844, 0.6031315922737122, 0.5785611867904663]",False,,0.5300889015197754
What penance did the Valakhilyas perform after being insulted by Indra?,1.31,"['5.12', '5.18', '7.199']","[0.605086088180542, 0.5641853213310242, 0.5630614757537842]",False,,0.5207294225692749
Why did Garuda engage in battle with the gods?,1.32,"['5.105', '1.23', '1.32']","[0.5774762630462646, 0.5684292912483215, 0.557884156703949]",True,3.0,0.5578840970993042
What was the outcome of Garuda’s battle against the gods?,1.32,"['5.105', '6.56', '7.15']","[0.557075023651123, 0.5489418506622314, 0.5363061428070068]",False,,0.5232950448989868
"Which gods fought against Garuda, and how were they defeated?",1.32,"['8.61', '3.227', '6.56']","[0.5486901998519897, 0.5121627449989319, 0.511966347694397]",False,,0.509543240070343
What happened when Garuda returned with the nectar (amrita)?,1.33,"['1.23', '5.105', '1.34']","[0.527603030204773, 0.5176399350166321, 0.5026378631591797]",False,,0.39484477043151855
What boon did Lord Vishnu grant to Garuda on his journey?,1.33,"['5.105', '1.34', '12.170']","[0.5085117816925049, 0.4863566756248474, 0.4760412573814392]",False,,0.3518063426017761
"Why did Indra strike Garuda with his thunderbolt, and what was the result?",1.33,"['5.12', '3.288', '7.30']","[0.5493258833885193, 0.5338727235794067, 0.5163089036941528]",False,,0.2980293035507202
How did Indra and Garuda become friends after their conflict?,1.34,"['5.12', '1.34', '3.224']","[0.5797962546348572, 0.5368596315383911, 0.5201404094696045]",True,2.0,0.5368596315383911
What did Garuda do with the nectar when he arrived among the snakes?,1.34,"['1.27', '5.112', '1.23']","[0.5708948373794556, 0.5205210447311401, 0.5127522349357605]",False,,0.43848925828933716
How was Vinata released from slavery through Garuda’s actions?,1.34,"['5.105', '2.66', '5.119']","[0.49617302417755127, 0.49439090490341187, 0.4931887984275818]",False,,0.4053238034248352
What boon did Brahma grant to Sheshnag as a result of his penance?,1.36,"['13.103', '12.272', '12.35']","[0.47057557106018066, 0.4629637897014618, 0.4553186297416687]",False,,0.4118049740791321
How did Sheshnag come to hold the earth upon his head?,1.36,"['13.154', '12.207', '1.18']","[0.454417884349823, 0.44119173288345337, 0.42391037940979004]",False,,0.3852383494377136
Why were the serpents cursed by their mother?,1.37,"['1.38', '1.36', '1.54']","[0.6849370002746582, 0.6383222937583923, 0.6359027624130249]",False,,0.5937857031822205
How did Vasuki and the other serpents plan to escape from the curse?,1.37,"['1.39', '1.38', '1.36']","[0.6403083801269531, 0.6250312328338623, 0.5993326306343079]",False,,0.5959428548812866
Why did Vasuki’s sister Jaratkaruka decide to marry Jaratkaru Muni?,1.38,"['1.14', '4.14', '1.46']","[0.586074709892273, 0.48573940992355347, 0.47909682989120483]",False,,0.20378191769123077
What circumstances led to Jaratkaruka’s decision to marry the sage?,1.38,"['1.14', '1.46', '1.40']","[0.5542309880256653, 0.5537573099136353, 0.5072984099388123]",False,,0.20416054129600525
What did Brahma instruct Vasukika to do regarding his sister’s marriage?,1.39,"['3.71', '3.70', '9.48']","[0.5377684831619263, 0.5371208190917969, 0.5242122411727905]",False,,0.4885692298412323
How did Vasukika approach Jaratkaru Muni for the marriage proposal?,1.39,"['1.14', '4.14', '3.266']","[0.4824471175670624, 0.48233145475387573, 0.4797637462615967]",False,,0.2883144021034241
What penance did Jaratkaru perform in this section?,1.40,"['1.3', '2.22', '14.90']","[0.5651831030845642, 0.5414656400680542, 0.5403445959091187]",False,,0.43777984380722046
What incident led King Parikshit to place a dead snake on the sage’s shoulder?,1.40,"['1.41', '1.50', '1.51']","[0.7522807717323303, 0.6594116687774658, 0.6281687021255493]",False,,0.4284695088863373
Why was Krushakaśṛṅgi distressed by the king’s act?,1.40,"['2.14', '5.144', '3.27']","[0.5684231519699097, 0.565893292427063, 0.5533382892608643]",False,,0.33493542671203613
Why did Shringi Rishi curse King Parikshit?,1.41,"['1.41', '1.3', '1.49']","[0.5222904682159424, 0.5013056993484497, 0.49476879835128784]",True,1.0,0.5222904682159424
How did Sage Shamika react to his son Shringi’s curse?,1.41,"['1.42', '1.36', '1.230']","[0.6212183237075806, 0.490336537361145, 0.4844388961791992]",False,,0.41054731607437134
Why did Shamika believe that the curse on King Parikshit was unfair?,1.41,"['1.3', '1.42', '2.68']","[0.5111414194107056, 0.4744848608970642, 0.4622440040111542]",False,,0.39831650257110596
What advice did Sage Shamika give his son after he cursed King Parikshit?,1.42,"['1.42', '1.3', '15.35']","[0.6534831523895264, 0.4879692792892456, 0.48770278692245483]",True,1.0,0.6534831523895264
Why did Shamika send Gaurmukha to deliver a message to King Parikshit?,1.42,"['3.71', '15.35', '3.74']","[0.42694684863090515, 0.4204820692539215, 0.4123010039329529]",False,,0.3469470739364624
What preparations did King Parikshit make to protect himself from Takshaka’s curse?,1.42,"['1.36', '1.44', '1.51']","[0.49071821570396423, 0.48330405354499817, 0.4792497754096985]",False,,0.27207720279693604
"Why did Takshaka offer money to Kashyapa, and why did Kashyapa return it?",1.43,"['3.98', '13.51', '1.56']","[0.43980929255485535, 0.43503832817077637, 0.43162280321121216]",False,,0.3778481185436249
How did Takshaka approach King Parikshit through deceit?,1.43,"['1.56', '1.51', '5.192']","[0.46385860443115234, 0.4428309500217438, 0.44267189502716064]",False,,0.3728151321411133
How did Takshaka finally kill King Parikshit?,1.43,"['6.117', '7.179', '9.10']","[0.5135446190834045, 0.5052921772003174, 0.5013976097106934]",False,,0.3945082724094391
How did Janamejaya’s coronation ceremony take place?,1.44,"['12.40', '14.59', '14.70']","[0.6380212306976318, 0.5430985689163208, 0.526397168636322]",False,,0.3644618093967438
"Whom did Janamejaya marry, and under what circumstances?",1.44,"['1.95', '1.64', '4.14']","[0.5352722406387329, 0.5281911492347717, 0.5274690389633179]",False,,0.3645462989807129
What did Jaratkaru see in his vision of his ancestors?,1.45,"['1.46', '1.40', '15.35']","[0.498199462890625, 0.48991936445236206, 0.467101126909256]",False,,0.4493253231048584
What conversation took place between Jaratkaru and his forefathers?,1.45,"['5.83', '14.16', '1.46']","[0.5319250822067261, 0.5163631439208984, 0.4995538890361786]",False,,0.4011944830417633
Why were Jaratkaru’s ancestors in distress in his vision?,1.45,"['1.230', '1.45', '1.46']","[0.5134505033493042, 0.5095260143280029, 0.5024528503417969]",True,2.0,0.5095260739326477
What condition did Jaratkaru set before agreeing to marry?,1.46,"['1.46', '1.14', '1.198']","[0.6095786690711975, 0.5730688571929932, 0.5258696675300598]",True,1.0,0.6095786094665527
How did Jaratkaru meet and marry the daughter of Vasukika?,1.46,"['1.14', '1.46', '4.14']","[0.5340345501899719, 0.5217917561531067, 0.5206495523452759]",True,2.0,0.5217916965484619
Why was Vasukika’s daughter also named Jaratkaru?,1.46,"['1.40', '1.14', '3.218']","[0.6259630918502808, 0.5350544452667236, 0.46434929966926575]",False,,0.426544725894928
How was the marriage between Jaratkaru and the serpent girl solemnized?,1.47,"['1.47', '1.14', '1.112']","[0.626832127571106, 0.6033473014831543, 0.5478172898292542]",True,1.0,0.626832127571106
How did the serpent girl serve her husband with devotion?,1.47,"['1.47', '1.81', '14.80']","[0.6138418912887573, 0.547303318977356, 0.5460003614425659]",True,1.0,0.6138418912887573
Why did Sage Jaratkaru abandon his wife after marriage?,1.47,"['1.46', '1.14', '1.47']","[0.6671228408813477, 0.5823829174041748, 0.5212229490280151]",True,3.0,0.5212229490280151
Where did Jaratkaru go to perform penance after leaving his wife?,1.47,"['1.46', '9.52', '15.19']","[0.5528745651245117, 0.4864169955253601, 0.481272429227829]",False,,0.44535017013549805
Why was Vasuki Naga troubled after Jaratkaru left his sister?,1.48,"['1.48', '1.47', '1.54']","[0.5893834829330444, 0.5596804618835449, 0.5339558720588684]",True,1.0,0.5893835425376892
How did Vasuki’s sister console or relieve her brother’s worries?,1.48,"['1.39', '13.42', '4.14']","[0.4582703113555908, 0.44155699014663696, 0.44140782952308655]",False,,0.43747568130493164
"How was Aastika born, and who were his parents?",1.48,"['1.40', '1.16', '3.202']","[0.45972946286201477, 0.4191603660583496, 0.4156528115272522]",False,,0.31432977318763733
What qualities of righteousness and virtue did King Parikshit possess?,1.49,"['12.70', '12.92', '12.75']","[0.652942419052124, 0.5969247817993164, 0.5780090093612671]",False,,0.5285899043083191
What happened during King Parikshit’s hunting expedition?,1.49,"['3.240', '3.50', '9.30']","[0.4971905052661896, 0.48469650745391846, 0.48465096950531006]",False,,0.3967278301715851
Why did King Parikshit insult or disdain the sage Shamika?,1.49,"['1.42', '1.49', '1.140']","[0.5116123557090759, 0.4620824456214905, 0.4534943401813507]",True,2.0,0.46208250522613525
Why did Shringi Rishi curse King Parikshit?,1.50,"['1.41', '1.3', '1.49']","[0.5222904682159424, 0.5013056993484497, 0.49476879835128784]",False,,0.49240124225616455
How did Takshaka fulfill the curse by killing King Parikshit?,1.50,"['1.44', '1.51', '1.56']","[0.5498663187026978, 0.5465272665023804, 0.5442574620246887]",False,,0.4978235960006714
Why did Kashyapa return after attempting to save Parikshit?,1.50,"['15.16', '8.68', '5.146']","[0.48240357637405396, 0.4467388689517975, 0.43993550539016724]",False,,0.2177581638097763
"How did Janamejaya react upon learning of his father’s death, and what vow did he make?",1.50,"['1.49', '12.151', '12.218']","[0.6088634729385376, 0.5774217844009399, 0.5619033575057983]",False,,0.3176240026950836
Why did the king decide to grant a boon to Aastika?,1.56,"['12.326', '3.299', '3.295']","[0.46683168411254883, 0.4648232161998749, 0.46102243661880493]",False,,0.3885526657104492
Why was Takshaka Naga worried during the serpent sacrifice?,1.56,"['1.51', '3.66', '1.52']","[0.6161778569221497, 0.609309196472168, 0.5912163257598877]",False,,0.5438934564590454
What boon did Aastika request from the king?,1.56,"['12.326', '3.299', '3.295']","[0.48841598629951477, 0.4813329577445984, 0.47387072443962097]",False,,0.35645246505737305
Which were the chief snakes that were burnt in Janamejaya’s serpent sacrifice?,1.57,"['1.52', '1.53', '1.57']","[0.6942752599716187, 0.6871875524520874, 0.6803627014160156]",True,3.0,0.6803627014160156
How are the names of the serpents listed or described in this chapter?,1.57,"['1.35', '1.57', '3.180']","[0.683293879032135, 0.6157448291778564, 0.5473769307136536]",True,2.0,0.6157448887825012
When did Vyasa arrive at Janamejaya’s Yajna?,1.60,"['12.328', '14.16', '1.220']","[0.4618295431137085, 0.4395674467086792, 0.42061853408813477]",False,,0.3454265296459198
Who requested Vaishampayana to narrate the Mahabharata?,1.60,"['14.61', '3.151', '1.59']","[0.5144115686416626, 0.5082547664642334, 0.5021871328353882]",False,,0.3119586110115051
In which episode does Vyasa ask Vaishampayana to tell the story of the Mahabharata?,1.60,"['6.2', '1.59', '14.61']","[0.5389867424964905, 0.5343276858329773, 0.5251961946487427]",False,,0.2787361145019531
Where in the Mahabharata is the narration of the epic formally begun?,1.60,"['1.59', '1.62', '12.54']","[0.44664865732192993, 0.3967152237892151, 0.3726022243499756]",False,,0.22563199698925018
Who initiated the recitation of the Mahabharata during Janamejaya’s sacrifice?,1.60,"['1.62', '18.6', '1.59']","[0.5143750905990601, 0.5137994885444641, 0.5022127628326416]",False,,0.4607096314430237
Which section describes King Dushyanta’s power and governance abilities?,1.68,"['2.55', '12.115', '5.148']","[0.5527306199073792, 0.5299274325370789, 0.5227389335632324]",False,,0.3962358832359314
How is King Dushyanta’s rule and strength depicted in the Mahabharata?,1.68,"['3.126', '8.60', '7.135']","[0.5413211584091187, 0.5399836301803589, 0.5295095443725586]",False,,0.40091758966445923
Where is Dushyanta’s administrative skill and valor mentioned?,1.68,"['9.61', '7.6', '7.68']","[0.4748898148536682, 0.46564266085624695, 0.46011748909950256]",False,,0.3022613823413849
What attributes made King Dushyanta a capable ruler according to the text?,1.68,"['12.85', '3.126', '5.148']","[0.5670636296272278, 0.5566912889480591, 0.547610878944397]",False,,0.43556076288223267
Where does King Dushyanta go hunting in the Mahabharata?,1.69,"['9.27', '3.158', '8.60']","[0.47552597522735596, 0.47050708532333374, 0.46889200806617737]",False,,0.34417739510536194
Which chapter narrates Dushyanta’s hunting expedition in the forest?,1.69,"['3.258', '1.70', '3.240']","[0.4792991578578949, 0.4685671329498291, 0.4518481492996216]",False,,0.32594573497772217
What animals does King Dushyanta hunt and kill?,1.69,"['3.240', '7.68', '3.50']","[0.6009314656257629, 0.5691437721252441, 0.504203200340271]",False,,0.4118620753288269
Which passage describes Dushyanta’s encounter with wild beasts?,1.69,"['7.68', '3.258', '11.5']","[0.5844013094902039, 0.5354617834091187, 0.5166451930999756]",False,,0.3644433617591858
Which chapter describes Kanva’s ashram and its surroundings?,1.70,"['3.163', '2.10', '15.27']","[0.4648192524909973, 0.43741846084594727, 0.4256442189216614]",False,,0.3708057403564453
When does King Dushyanta enter Sage Kanva’s hermitage?,1.70,"['1.71', '1.74', '3.158']","[0.5064868927001953, 0.4541812241077423, 0.4463842511177063]",False,,0.3717575669288635
Where is the Tapovan described in connection with Dushyanta?,1.70,"['1.171', '9.36', '9.42']","[0.4888443052768707, 0.42129436135292053, 0.3852483630180359]",False,,0.2827557921409607
Which scene introduces Dushyanta’s arrival at Kanva’s ashram?,1.70,"['3.256', '12.44', '5.7']","[0.3980875015258789, 0.3944860100746155, 0.39420056343078613]",False,,0.29803040623664856
Where does Dushyanta first meet and converse with Shakuntala?,1.71,"['1.71', '1.69', '3.183']","[0.4059474468231201, 0.3851780295372009, 0.37229853868484497]",True,1.0,0.4059474766254425
In which part does Shakuntala narrate the story of her birth?,1.71,"['1.69', '1.82', '5.14']","[0.4809824824333191, 0.4170014262199402, 0.4163658320903778]",False,,0.4047108292579651
Which episode describes Indra sending Menaka to disturb Vishwamitra’s penance?,1.71,"['1.72', '3.224', '5.12']","[0.5368570685386658, 0.4976345896720886, 0.4953630566596985]",False,,0.32576268911361694
How are Shakuntala’s origins connected to Vishwamitra and Menaka in the Mahabharata?,1.71,"['1.69', '3.202', '13.3']","[0.5493650436401367, 0.46533259749412537, 0.46040624380111694]",False,,0.38106024265289307
Which chapter narrates the meeting of Menaka and Vishwamitra?,1.72,"['4.67', '4.54', '1.72']","[0.4849424362182617, 0.4831046462059021, 0.48049622774124146]",True,3.0,0.48049625754356384
Where is the birth and rescue of the child Shakuntala described?,1.72,"['1.74', '1.69', '1.8']","[0.4598439335823059, 0.43243688344955444, 0.4312056005001068]",False,,0.4115467071533203
"Who raised Shakuntala after her birth, and how did she get her name?",1.72,"['1.74', '3.228', '1.69']","[0.5335683226585388, 0.5012909770011902, 0.4896577000617981]",False,,0.36449098587036133
How did the Shakunta birds protect the infant Shakuntala?,1.72,"['1.32', '13.32', '13.5']","[0.5099334716796875, 0.47900569438934326, 0.46652358770370483]",False,,0.4047033190727234
Which section describes the Gandharva marriage between Shakuntala and Dushyanta?,1.73,"['1.73', '13.44', '3.46']","[0.5674514770507812, 0.532599925994873, 0.48152297735214233]",True,1.0,0.5674514174461365
Who approved the marriage of Shakuntala and Dushyanta in the Mahabharata?,1.73,"['1.73', '1.198', '5.191']","[0.5757091045379639, 0.4785514175891876, 0.47147318720817566]",True,1.0,0.5757091045379639
What type of marriage took place between Shakuntala and Dushyanta?,1.73,"['1.73', '1.82', '3.294']","[0.5893961787223816, 0.48020878434181213, 0.4703034460544586]",True,1.0,0.5893961191177368
In which part is Kanva’s approval of Shakuntala’s marriage mentioned?,1.73,"['1.71', '1.98', '1.82']","[0.47632837295532227, 0.42913806438446045, 0.42790165543556213]",False,,0.40194058418273926
Which chapter narrates the birth of Shakuntala’s son Bharata?,1.74,"['1.69', '14.70', '1.59']","[0.5434513092041016, 0.4917181134223938, 0.4777626395225525]",False,,0.43374693393707275
Where does Shakuntala meet Dushyanta after giving birth to her son?,1.74,"['1.82', '1.74', '1.72']","[0.44792789220809937, 0.4385286569595337, 0.4244316816329956]",True,2.0,0.4385286569595337
In which episode does Akashvani confirm Shakuntala’s purity?,1.74,"['5.15', '1.71', '5.17']","[0.37901708483695984, 0.373727023601532, 0.37189579010009766]",False,,0.2740110158920288
Where is Bharata’s coronation described in the Mahabharata?,1.74,"['12.38', '14.70', '3.54']","[0.5282862186431885, 0.5258686542510986, 0.5240539312362671]",False,,0.26579147577285767
How is Shakuntala’s confrontation with Dushyanta depicted?,1.74,"['9.16', '7.170', '9.10']","[0.5067485570907593, 0.4966413974761963, 0.4889959692955017]",False,,0.40745657682418823
Which section describes King Pandu accidentally killing a sage disguised as a deer?,1.118,"['15.22', '3.50', '3.184']","[0.5538144111633301, 0.5518728494644165, 0.5475156307220459]",False,,0.5445089936256409
Who cursed King Pandu and why?,1.118,"['1.150', '1.125', '5.127']","[0.6070765852928162, 0.5912081599235535, 0.542212724685669]",False,,0.44274306297302246
Where is the origin of Pandu’s curse narrated?,1.118,"['1.125', '1.150', '1.114']","[0.5729627013206482, 0.5315707325935364, 0.5295803546905518]",False,,0.42902296781539917
What event caused Pandu to renounce his royal duties?,1.118,"['1.114', '5.20', '1.125']","[0.6066319942474365, 0.5854691863059998, 0.5441930294036865]",False,,0.3746365010738373
Which chapter describes King Pandu’s repentance for killing the sage?,1.119,"['1.150', '1.125', '1.114']","[0.5649300813674927, 0.5583668947219849, 0.5149854421615601]",False,,0.49190855026245117
Where does Pandu renounce worldly life and take sannyasa?,1.119,"['1.120', '1.114', '1.125']","[0.6000652313232422, 0.549246072769165, 0.5062520503997803]",False,,0.40818291902542114
What role did Pandu’s wives play in his decision to enter the forest?,1.119,"['1.114', '1.125', '15.22']","[0.6546491384506226, 0.6077934503555298, 0.5594318509101868]",False,,0.519627034664154
Which episode marks Pandu’s entry into Vanaprastha Ashram?,1.119,"['1.120', '1.114', '5.32']","[0.5050132870674133, 0.47581204771995544, 0.45229822397232056]",False,,0.3363933861255646
Which story in the Mahabharata describes Bhadra giving birth from the body of her dead husband?,1.121,"['4.17', '1.82', '2.72']","[0.518517017364502, 0.49571678042411804, 0.4926784038543701]",False,,0.33517488837242126
"Who was Vyushitashva, and what was the miracle involving his wife Bhadra?",1.121,"['13.42', '14.71', '3.219']","[0.5099455118179321, 0.5054264068603516, 0.4831198453903198]",False,,0.4675556719303131
Where is the tale of Bhadra and Vyushitashva mentioned?,1.121,"['3.271', '1.165', '3.1']","[0.48962515592575073, 0.484811395406723, 0.4812850058078766]",False,,0.41814813017845154
Which section recounts the miraculous birth narrated by Bhadra?,1.121,"['14.70', '3.309', '14.66']","[0.5462230443954468, 0.5343791842460632, 0.5308853983879089]",False,,0.33139482140541077
Which episode narrates the return of Kunti and the Pandavas to Hastinapura?,1.126,"['3.247', '14.88', '15.24']","[0.484095960855484, 0.47923800349235535, 0.4732080101966858]",False,,0.4058328866958618
Who escorted the Pandavas and Kunti to Bhishma after Pandu’s death?,1.126,"['1.206', '5.57', '1.150']","[0.6354036331176758, 0.5805109739303589, 0.5725499391555786]",False,,0.5707794427871704
Where does the Mahabharata describe the meeting between Bhishma and the Pandavas?,1.126,"['6.89', '6.116', '1.165']","[0.5704070329666138, 0.5506018400192261, 0.5344826579093933]",False,,0.28341686725616455
What was Bhishma’s role in receiving Kunti and her sons?,1.126,"['5.174', '1.157', '1.113']","[0.5577687621116638, 0.5298346281051636, 0.5255972146987915]",False,,0.42367345094680786
Where is the funeral of Pandu and Madri described?,1.127,"['1.127', '1.125', '1.150']","[0.7622664570808411, 0.5868649482727051, 0.5769716501235962]",True,1.0,0.7622663974761963
Which section mentions the Pandavas performing rites for their parents?,1.127,"['15.24', '15.22', '2.77']","[0.6384850144386292, 0.6357280611991882, 0.6025261878967285]",False,,0.5136855244636536
How did the brothers offer water and tribute to Pandu and Madri?,1.127,"['1.127', '1.192', '14.88']","[0.5960413217544556, 0.5863698720932007, 0.5695156455039978]",True,1.0,0.5960413217544556
What significance does this ritual hold in the Pandavas’ early life?,1.127,"['15.24', '3.258', '3.182']","[0.6095160245895386, 0.6088535785675049, 0.5896449685096741]",False,,0.44102466106414795
Which chapter describes the childhood of the Pandavas and Kauravas?,1.128,"['15.22', '15.24', '15.21']","[0.6247924566268921, 0.615080714225769, 0.5708693265914917]",False,,0.3777346611022949
Where is Duryodhana’s attempt to poison Bhima mentioned?,1.128,"['6.80', '9.61', '9.33']","[0.6343591213226318, 0.5845176577568054, 0.5839988589286804]",False,,0.314485102891922
What happened to Bhima after he was pushed into the Ganga?,1.128,"['1.129', '7.201', '4.17']","[0.6664813756942749, 0.5737746953964233, 0.5716051459312439]",False,,0.39139842987060547
Which section narrates Bhima’s journey to Nagaloka and his drinking of divine nectar?,1.128,"['4.17', '1.129', '1.59']","[0.569108784198761, 0.542140543460846, 0.5161422491073608]",False,,0.31531864404678345
Which section describes Kunti’s anxiety over Bhima’s disappearance?,1.129,"['1.129', '1.162', '4.17']","[0.6830428242683411, 0.6174723505973816, 0.5915551781654358]",True,1.0,0.6830427646636963
Where does Bhima return from the Nagaloka after gaining strength?,1.129,"['1.129', '10.1', '7.148']","[0.5698698163032532, 0.5182749629020691, 0.5020856857299805]",True,1.0,0.5698697566986084
How did Duryodhana react after Bhima’s return from the Nagas’ realm?,1.129,"['6.80', '9.61', '5.74']","[0.6194370985031128, 0.6115686297416687, 0.5925787687301636]",False,,0.5597795844078064
Which chapter continues the conflict between Bhima and Duryodhana after Bhima’s return?,1.129,"['7.132', '6.80', '6.78']","[0.6045131683349609, 0.5931187272071838, 0.5477614402770996]",False,,0.5359634160995483
Who built the secret tunnel beneath the Lakshagriha?,1.147,"['3.130', '3.153', '3.139']","[0.41945043206214905, 0.39929381012916565, 0.3946715295314789]",False,,0.26666760444641113
Which miner did Vidura send to construct a tunnel for the Pandavas?,1.147,"['1.218', '3.7', '4.25']","[0.47443658113479614, 0.4676578640937805, 0.44943422079086304]",False,,0.43634164333343506
Where in the Mahabharata is the tunnel under the house of lac described?,1.147,"['5.102', '6.6', '3.177']","[0.41346079111099243, 0.38935989141464233, 0.37694597244262695]",False,,0.2141677886247635
How did Vidura help the Pandavas prepare for their escape from the Lakshagriha?,1.147,"['3.7', '14.15', '15.24']","[0.6747388243675232, 0.6362346410751343, 0.6063679456710815]",False,,0.588892936706543
Which chapter describes the burning of the house of lac (Lakshagriha)?,1.148,"['1.148', '1.150', '3.137']","[0.48277390003204346, 0.45926719903945923, 0.44196951389312744]",True,1.0,0.48277392983436584
How did the Pandavas escape from the burning Lakshagriha?,1.148,"['3.311', '15.24', '3.248']","[0.6034352779388428, 0.5748854875564575, 0.5746724605560303]",False,,0.49408167600631714
Where is the Pandavas’ night-time escape through the tunnel mentioned?,1.148,"['15.24', '4.25', '4.26']","[0.4924691617488861, 0.4714651107788086, 0.4668412208557129]",False,,0.32822081446647644
"Who set fire to the Lakshagriha, and what was the outcome?",1.148,"['1.150', '3.222', '1.141']","[0.49649322032928467, 0.4928813576698303, 0.4882117807865143]",False,,0.4832530617713928
Who arranged for the Pandavas to cross the Ganga after escaping the Lakshagriha?,1.149,"['1.170', '3.236', '3.7']","[0.5996852517127991, 0.5747963190078735, 0.5644643306732178]",False,,0.47023916244506836
Which sailor helped the Pandavas flee across the river?,1.149,"['11.27', '9.30', '15.24']","[0.51981520652771, 0.5171395540237427, 0.4920337200164795]",False,,0.4185640811920166
Where is Vidura’s assistance in ferrying the Pandavas across the Ganges described?,1.149,"['3.7', '1.214', '1.149']","[0.6035295724868774, 0.5988044738769531, 0.5986446142196655]",True,3.0,0.5986445546150208
What role did the boatman play in helping the Pandavas escape?,1.149,"['9.30', '15.22', '1.149']","[0.5168972015380859, 0.47155916690826416, 0.4667513370513916]",True,3.0,0.4667513370513916
Which chapter narrates Dhritarashtra’s mourning and offering of water for the supposedly dead Pandavas?,1.150,"['7.85', '6.59', '15.24']","[0.6242790222167969, 0.6036262512207031, 0.6027700901031494]",False,,0.5356772541999817
Where is the ritual condolence for the Pandavas mentioned?,1.150,"['3.258', '7.181', '1.118']","[0.5753613710403442, 0.5518969297409058, 0.5427821278572083]",False,,0.4823048710823059
How did Dhritarashtra and others react to the news of the Pandavas’ death in the fire?,1.150,"['1.150', '9.2', '2.74']","[0.6607154607772827, 0.655536413192749, 0.6455662250518799]",True,1.0,0.6607154607772827
Which passage marks the Pandavas’ entry into the forest after the Lakshagriha incident?,1.150,"['3.258', '15.24', '1.151']","[0.6268042922019958, 0.6155913472175598, 0.5988585948944092]",False,,0.41518187522888184
Which section describes Bhima’s sorrow seeing his family suffer in the forest?,1.151,"['1.151', '1.129', '15.22']","[0.643142819404602, 0.6138520240783691, 0.6062337160110474]",True,1.0,0.643142819404602
Where is Bhimasena shown bringing water for Kunti?,1.151,"['1.129', '4.17', '3.154']","[0.526131272315979, 0.5014306306838989, 0.4967101812362671]",False,,0.39202576875686646
How does Bhima react to Kunti and his brothers sleeping on the bare ground?,1.151,"['1.129', '1.162', '4.17']","[0.6171855926513672, 0.5675064325332642, 0.5579588413238525]",False,,0.4401289224624634
In which episode does Bhima express anger towards Duryodhana after their escape?,1.151,"['6.80', '7.132', '1.162']","[0.6141856908798218, 0.5674378871917725, 0.5621323585510254]",False,,0.3301656246185303
Where does Hidimbi first encounter Bhima and the Pandavas?,1.152,"['1.129', '1.154', '15.24']","[0.5263241529464722, 0.503262996673584, 0.4677486717700958]",False,,0.42781418561935425
Which chapter introduces the demoness Hidimba and her dialogue with Bhima?,1.152,"['4.17', '1.154', '1.155']","[0.4736393690109253, 0.46906375885009766, 0.467024028301239]",False,,0.3301846981048584
How is the first meeting between Bhima and Hidimba described?,1.152,"['1.129', '4.17', '7.132']","[0.5464553833007812, 0.5159154534339905, 0.5036330223083496]",False,,0.35065966844558716
Who sends Hidimbi to meet the Pandavas and why?,1.152,"['1.154', '15.24', '5.7']","[0.5372803211212158, 0.532268762588501, 0.5188623070716858]",False,,0.4492902457714081
Which section narrates the battle between Bhima and the demon Hidimba?,1.153,"['7.132', '6.54', '6.63']","[0.578583300113678, 0.5445818901062012, 0.5426771640777588]",False,,0.40396350622177124
Where is Hidimbasura’s fear and confrontation with Bhimasena mentioned?,1.153,"['7.129', '3.151', '1.129']","[0.5234920978546143, 0.5134857296943665, 0.5131763219833374]",False,,0.48975488543510437
Who fights Hidimba in the Mahabharata and what happens in that combat?,1.153,"['1.154', '7.15', '6.116']","[0.5480464696884155, 0.5206714868545532, 0.477426141500473]",False,,0.4039742350578308
Which chapter depicts Bhima’s combat with the rakshasa Hidimbasura?,1.153,"['7.132', '7.179', '7.129']","[0.5770629644393921, 0.569877028465271, 0.5664233565330505]",False,,0.5190792679786682
In which episode does Bhima slay Hidimbasura?,1.154,"['6.80', '7.40', '1.129']","[0.5177907943725586, 0.5088498592376709, 0.5060701370239258]",False,,0.4404890239238739
Where does Hidimba express her affection toward Bhima and Kunti?,1.154,"['1.155', '4.17', '3.71']","[0.5546666383743286, 0.4783194065093994, 0.46894994378089905]",False,,0.4675007164478302
Who kills the rakshasa Hidimba and under what circumstances?,1.154,"['1.154', '1.155', '1.153']","[0.6358028054237366, 0.5728179812431335, 0.5427193641662598]",True,1.0,0.6358028054237366
Which passage describes Hidimba’s confession of feelings before Bhima kills Hidimbasura?,1.154,"['1.155', '1.154', '7.40']","[0.5339257717132568, 0.5268204212188721, 0.48522669076919556]",True,2.0,0.5268205404281616
Which chapter tells of Yudhishthira stopping Bhima from killing Hidimba?,1.155,"['7.127', '5.153', '1.162']","[0.5543147325515747, 0.5478132367134094, 0.5381592512130737]",False,,0.5344892740249634
Where is the story of Bhima and Hidimbi’s union and the birth of Ghatotkacha narrated?,1.155,"['1.59', '1.129', '6.78']","[0.483303427696228, 0.4794098734855652, 0.455500066280365]",False,,0.40402156114578247
Who was Ghatotkacha and how was he born?,1.155,"['7.176', '12.324', '1.67']","[0.550310492515564, 0.4481765031814575, 0.41017353534698486]",False,,0.1714755892753601
Which section contains Hidimbi’s prayer to Bhima before their marriage?,1.155,"['4.17', '1.155', '5.174']","[0.4649534821510315, 0.4596382975578308, 0.45952296257019043]",True,2.0,0.4596383571624756
Where do the Pandavas meet Vyasa after escaping the forest?,1.156,"['15.24', '3.8', '1.218']","[0.5825719833374023, 0.570716142654419, 0.5690518617630005]",False,,0.49091896414756775
Which chapter marks the Pandavas’ arrival at Ekachakra?,1.156,"['15.24', '3.7', '17.1']","[0.5891154408454895, 0.5387324094772339, 0.533014178276062]",False,,0.38380151987075806
Who guides the Pandavas to settle temporarily in Ekachakra?,1.156,"['3.7', '15.24', '4.26']","[0.618760883808136, 0.5931414365768433, 0.5822994709014893]",False,,0.43353983759880066
Where is the meeting between Vyasa and the Pandavas described after the Lakshagriha incident?,1.156,"['5.67', '14.15', '1.165']","[0.5778296589851379, 0.5717662572860718, 0.5634196400642395]",False,,0.46817779541015625
Where is the Pandavas’ departure to the forest described?,3.1,"['3.258', '1.151', '15.24']","[0.6877716779708862, 0.6515880823135376, 0.6179191470146179]",False,,0.5272796154022217
Which chapter mentions the Pandavas staying overnight at Praman-Kotirtha?,3.1,"['15.24', '3.7', '10.8']","[0.5926249027252197, 0.554445743560791, 0.5277703404426575]",False,,0.4685951769351959
What discussion does Yudhishthira have with the Brahmins about wealth and hospitality?,3.2,"['13.11', '12.124', '15.26']","[0.6617748141288757, 0.6502861976623535, 0.6402795314788818]",False,,0.5054187774658203
Which chapter records Shaunaka’s dialogue with Yudhishthira on dharma and welfare?,3.2,"['1.4', '1.59', '5.133']","[0.4880306124687195, 0.45623648166656494, 0.43846583366394043]",False,,0.2551894187927246
Where does Yudhishthira obtain the Akshaya Patra from Surya?,3.3,"['18.3', '14.2', '13.21']","[0.48832422494888306, 0.47747641801834106, 0.4503163695335388]",False,,0.33265194296836853
Which section describes Yudhishthira’s prayer to Lord Surya for sustenance?,3.3,"['14.2', '18.3', '18.2']","[0.5124320387840271, 0.5117059946060181, 0.49461692571640015]",False,,0.3991119861602783
Which chapter describes Vidura advising Dhritarashtra?,3.4,"['5.41', '5.33', '1.201']","[0.5984857082366943, 0.5883796811103821, 0.5284990072250366]",False,,0.4173279404640198
Where does Dhritarashtra become angry and leave the palace after Vidura’s counsel?,3.4,"['1.201', '5.33', '2.74']","[0.6174774169921875, 0.6159495711326599, 0.5872427225112915]",False,,0.4673466086387634
Where do the Pandavas enter Kamyakavana during their exile?,3.5,"['15.24', '4.25', '3.238']","[0.4963325560092926, 0.492391437292099, 0.4802027940750122]",False,,0.37416553497314453
Which chapter narrates Vidura’s meeting with the Pandavas in Kamyakavana?,3.5,"['3.7', '3.6', '15.24']","[0.5474629998207092, 0.5454720258712769, 0.5136574506759644]",False,,0.46188732981681824
Who sends Sanjaya to bring Vidura back from the forest?,3.6,"['3.6', '7.112', '5.30']","[0.6431158781051636, 0.5657680034637451, 0.5437657833099365]",True,1.0,0.6431158781051636
In which chapter does Dhritarashtra ask for Vidura’s forgiveness?,3.6,"['5.41', '3.6', '5.33']","[0.5801805853843689, 0.5510873794555664, 0.5285252928733826]",True,2.0,0.5510873198509216
Where do Duryodhana and his allies plan to attack the Pandavas in the forest?,3.7,"['3.258', '3.248', '4.26']","[0.5853966474533081, 0.5604224801063538, 0.5507539510726929]",False,,0.5446675419807434
Which chapter mentions Vyasa stopping Duryodhana from harming the Pandavas?,3.7,"['3.8', '3.246', '3.248']","[0.6574750542640686, 0.6246523261070251, 0.6157433986663818]",False,,0.5873849391937256
Which section records Vyasa advising Dhritarashtra against Duryodhana’s injustice?,3.8,"['9.61', '3.246', '5.139']","[0.5566020011901855, 0.5547885894775391, 0.550329327583313]",False,,0.489903062582016
Where does Vyasa intervene to protect the Pandavas from Duryodhana’s schemes?,3.8,"['3.8', '3.7', '6.82']","[0.663143515586853, 0.6185051798820496, 0.6096763610839844]",True,1.0,0.6631435751914978
What is the story of Surabhi and Indra narrated by Vyasa?,3.9,"['16.8', '1.175', '12.328']","[0.5072831511497498, 0.5050996541976929, 0.503386378288269]",False,,0.49046391248703003
Where does Vyasa describe Surabhi and Indra showing kindness to the Pandavas?,3.9,"['3.259', '3.8', '3.7']","[0.6045136451721191, 0.6026648283004761, 0.5999078750610352]",False,,0.4721727967262268
Who curses Duryodhana for his arrogance towards Maitreya?,3.10,"['5.74', '3.246', '9.61']","[0.561980664730072, 0.5592961311340332, 0.5536761283874512]",False,,0.47070860862731934
Which chapter describes Maitreya advising Dhritarashtra to be kind to the Pandavas?,3.10,"['3.10', '6.62', '3.7']","[0.6227525472640991, 0.5721030235290527, 0.5677305459976196]",True,1.0,0.6227526068687439
Which section records Draupadi lamenting her humiliation before Krishna?,3.12,"['3.273', '1.199', '3.267']","[0.631132960319519, 0.5602591633796692, 0.5540834665298462]",False,,0.38017770648002625
Where do Arjuna and Krishna assure Draupadi after her insult?,3.12,"['3.273', '7.91', '7.191']","[0.6329705715179443, 0.5956514477729797, 0.5629724264144897]",False,,0.4458259046077728
Where does Krishna discuss the evils of gambling with the Pandavas?,3.13,"['3.13', '2.59', '2.76']","[0.7366597056388855, 0.6267157793045044, 0.616916298866272]",True,1.0,0.7366597652435303
Which chapter mentions Krishna regretting his absence during the dice game?,3.13,"['5.161', '8.91', '3.13']","[0.5908308029174805, 0.571418285369873, 0.5508401989936829]",True,3.0,0.5508402585983276
Which chapter describes Krishna’s battle with Shalva and the destruction of Saubha?,3.14,"['3.14', '3.20', '3.15']","[0.5738984942436218, 0.5387392044067383, 0.5252586007118225]",True,1.0,0.5738985538482666
Where is Shalva’s defeat by Krishna narrated?,3.14,"['3.20', '3.14', '3.16']","[0.5870999097824097, 0.5633300542831421, 0.5244859457015991]",True,2.0,0.5633300542831421
Where are Dwaraka’s war preparations against Shalva described?,3.15,"['3.16', '3.20', '9.16']","[0.600675642490387, 0.5502446889877319, 0.48960256576538086]",False,,0.47018739581108093
Which section narrates Krishna’s military preparations before the Saubha battle?,3.15,"['3.15', '3.16', '6.83']","[0.5572683811187744, 0.5401690602302551, 0.5195411443710327]",True,1.0,0.5572683811187744
Which chapter depicts the Yadava army fighting Shalva’s forces?,3.16,"['9.16', '9.11', '3.16']","[0.6077097654342651, 0.5644323229789734, 0.5539411306381226]",True,3.0,0.5539411306381226
Where is Pradyumna shown assuring the Yadava army in battle?,3.16,"['1.138', '7.87', '7.127']","[0.5456546545028687, 0.525153398513794, 0.5228155851364136]",False,,0.37386566400527954
Which section narrates the duel between Pradyumna and Shalva?,3.17,"['7.15', '9.10', '7.168']","[0.5188229084014893, 0.5081268548965454, 0.47419053316116333]",False,,0.41806358098983765
Where does Pradyumna fight Shalva in a fierce battle?,3.17,"['3.18', '9.16', '7.15']","[0.5076078176498413, 0.4784744381904602, 0.4758734107017517]",False,,0.40875494480133057
Which chapter shows Pradyumna rebuking his charioteer for withdrawing him from battle?,3.18,"['3.18', '1.138', '3.19']","[0.5744026303291321, 0.542670488357544, 0.5215376019477844]",True,1.0,0.5744025707244873
Where is Pradyumna’s remorse described after being carried from the field?,3.18,"['13.42', '1.9', '16.8']","[0.5205520391464233, 0.5030030012130737, 0.48904505372047424]",False,,0.4549608826637268
Where does Pradyumna defeat Shalva in combat?,3.19,"['3.18', '9.16', '7.15']","[0.4866625964641571, 0.45232492685317993, 0.4360389709472656]",False,,0.3559737801551819
Which section records Shalva’s downfall at Pradyumna’s hands?,3.19,"['16.1', '5.13', '8.78']","[0.4446040391921997, 0.42227664589881897, 0.4098111689090729]",False,,0.3083518147468567
Which chapter narrates the final battle between Krishna and Shalva?,3.20,"['3.20', '9.35', '3.14']","[0.5425691604614258, 0.5291202068328857, 0.5106036067008972]",True,1.0,0.5425691604614258
Where does Krishna destroy Shalva in direct combat?,3.20,"['3.20', '3.14', '3.16']","[0.5891887545585632, 0.5649341940879822, 0.5110123157501221]",True,1.0,0.5891887545585632
Which section records Draupadi’s anger at Yudhishthira during exile?,3.27,"['4.18', '3.27', '3.273']","[0.5904478430747986, 0.5817000865936279, 0.5535663366317749]",True,2.0,0.5817000269889832
Where does Draupadi urge Yudhishthira to fight his enemies?,3.27,"['5.153', '7.127', '5.50']","[0.5841675996780396, 0.5786880254745483, 0.5761435031890869]",False,,0.5486940145492554
Which chapter contains Draupadi’s narration of the dialogue between Prahlad and Bali?,3.28,"['4.19', '3.273', '1.204']","[0.46298956871032715, 0.4432911276817322, 0.43182438611984253]",False,,0.4007670283317566
Where is the story of Prahlad and Bali used by Draupadi to teach forgiveness?,3.28,"['3.28', '3.273', '3.27']","[0.6312497854232788, 0.5256679654121399, 0.5014367699623108]",True,1.0,0.6312497854232788
Where does Yudhishthira discuss the dangers of anger and the virtue of forgiveness?,3.29,"['3.29', '12.163', '2.73']","[0.7199152708053589, 0.6654024720191956, 0.5851797461509705]",True,1.0,0.7199153304100037
Which section records Yudhishthira praising forgiveness as a supreme virtue?,3.29,"['12.34', '14.3', '13.113']","[0.5860832333564758, 0.5602457523345947, 0.5505132675170898]",False,,0.46441563963890076
Where does Draupadi criticize Yudhishthira’s sense of dharma and justice?,3.30,"['4.18', '3.30', '11.12']","[0.6435858011245728, 0.6005706787109375, 0.5866540670394897]",True,2.0,0.6005706191062927
Which chapter describes Draupadi’s grief and reproach of Yudhishthira’s wisdom?,3.30,"['4.18', '3.27', '3.273']","[0.651779294013977, 0.6149605512619019, 0.5886046886444092]",False,,0.5039054155349731
Which section contains Yudhishthira’s response to Draupadi’s objections about dharma?,3.31,"['4.18', '12.56', '2.78']","[0.5710077881813049, 0.5708209276199341, 0.5599180459976196]",False,,0.41477644443511963
Where does Yudhishthira explain the benefits of honoring God and sages?,3.31,"['13.125', '12.290', '12.278']","[0.6879854202270508, 0.6838803291320801, 0.6566475033760071]",False,,0.607843279838562
Where does Draupadi urge Yudhishthira to value effort over destiny?,3.32,"['4.18', '3.30', '4.20']","[0.6206592321395874, 0.6145457029342651, 0.5580646991729736]",False,,0.5098257064819336
Which chapter records Draupadi emphasizing the importance of human endeavor?,3.32,"['3.30', '4.20', '3.32']","[0.5569150447845459, 0.5280135273933411, 0.4893178641796112]",True,3.0,0.4893178939819336
Which section praises Bhima’s valor and urges Yudhishthira to follow Kshatriya dharma?,3.33,"['15.13', '7.127', '1.162']","[0.6478123664855957, 0.6167576313018799, 0.6075591444969177]",False,,0.5474317073822021
Where is Yudhishthira encouraged to take up arms against his enemies?,3.33,"['12.27', '12.100', '12.103']","[0.6479724645614624, 0.6304342746734619, 0.6279860734939575]",False,,0.4615938663482666
Where does Yudhishthira reaffirm his vow to follow dharma in the forest?,3.34,"['12.9', '15.8', '3.158']","[0.6714310646057129, 0.5569430589675903, 0.5403408408164978]",False,,0.2974053919315338
Which chapter introduces the Nalopakhyana Parva with teachings on dharma and conduct?,3.34,"['12.191', '12.278', '12.93']","[0.37505051493644714, 0.36691462993621826, 0.36655405163764954]",False,,0.15094831585884094
Where does Bhima urge Yudhishthira to fight despite their misfortunes?,3.35,"['7.127', '1.162', '15.13']","[0.677426815032959, 0.6361146569252014, 0.616369903087616]",False,,0.4509102702140808
Which section shows Bhimasena expressing frustration at Yudhishthira’s patience?,3.35,"['7.127', '15.12', '1.162']","[0.612471342086792, 0.5937076807022095, 0.5872703790664673]",False,,0.4601617157459259
Which chapter records Vyasa teaching Pratismriti Vidya to Yudhishthira?,3.36,"['12.328', '12.321', '14.3']","[0.5531468391418457, 0.5007311105728149, 0.4877285957336426]",False,,0.39973750710487366
Where does Vyasa meet the Pandavas and guide them before returning to Kamyakavana?,3.36,"['3.8', '3.7', '15.24']","[0.5474943518638611, 0.5459651947021484, 0.5438339710235596]",False,,0.2530995011329651
Where does Arjuna travel to Indrakil mountain and meet Indra?,3.37,"['3.140', '14.83', '1.215']","[0.5411620140075684, 0.525842547416687, 0.5239576101303101]",False,,0.3141278028488159
Which section begins the Kairata Parva and Arjuna’s quest for divine weapons?,3.37,"['3.38', '7.81', '8.16']","[0.5167160630226135, 0.5077698230743408, 0.49457138776779175]",False,,0.4432307183742523
Which chapter describes Arjuna’s severe penance to please Lord Shiva?,3.38,"['8.71', '16.8', '3.38']","[0.6184144616127014, 0.6104650497436523, 0.5883312225341797]",True,3.0,0.5883312225341797
Where do sages discuss Arjuna’s tapasya with Lord Shankar?,3.38,"['14.16', '6.122', '3.38']","[0.5318803191184998, 0.4638691842556, 0.4504278898239136]",True,3.0,0.4504278898239136
Where is Arjuna’s stotra or hymn in praise of Lord Shiva found?,3.39,"['6.23', '3.168', '3.165']","[0.531836748123169, 0.4523584246635437, 0.4290485382080078]",False,,0.3342165946960449
Which section narrates Arjuna’s prayer to Lord Shiva before receiving a boon?,3.39,"['6.23', '3.168', '6.122']","[0.5418894290924072, 0.5356991291046143, 0.5096876621246338]",False,,0.42960894107818604
Which chapter narrates Shiva granting a boon to Arjuna?,3.40,"['3.168', '3.38', '3.40']","[0.5366208553314209, 0.5189945697784424, 0.5182397365570068]",True,3.0,0.5182397365570068
Where does Lord Shankar bless Arjuna with divine weapons and depart?,3.40,"['6.122', '7.81', '7.19']","[0.630836546421051, 0.5815050601959229, 0.5795435309410095]",False,,0.49570944905281067
Which section describes the Dikpalas gifting divine weapons to Arjuna?,3.41,"['1.234', '8.16', '8.38']","[0.5946661233901978, 0.5942476987838745, 0.5938432216644287]",False,,0.4275208115577698
Where is Arjuna instructed by Indra to ascend to heaven?,3.41,"['3.168', '3.174', '3.249']","[0.588617205619812, 0.5696204900741577, 0.5621566772460938]",False,,0.4755963385105133
Where does Arjuna ascend to heaven with Matali as his charioteer?,3.42,"['3.165', '3.42', '3.168']","[0.5834570527076721, 0.5491433143615723, 0.5454940795898438]",True,2.0,0.5491433143615723
Which chapter describes Arjuna’s journey from the Himalayas to Indraloka?,3.42,"['14.83', '7.90', '2.27']","[0.5806519985198975, 0.5534619092941284, 0.5496768355369568]",False,,0.3635982573032379
Where is Arjuna’s meeting with Devraj Indra described?,3.43,"['8.65', '8.71', '7.84']","[0.6027904152870178, 0.6018279790878296, 0.6011465787887573]",False,,0.31772342324256897
Which chapter mentions Indra sending a maiden to Kundinpur?,3.43,"['5.12', '3.224', '1.124']","[0.593101441860199, 0.5467553734779358, 0.5424323678016663]",False,,0.30153194069862366
Which section describes Arjuna learning divine weapons in Indraloka?,3.44,"['1.139', '3.38', '3.44']","[0.6005507707595825, 0.5915195345878601, 0.5904021859169006]",True,3.0,0.5904021263122559
Where does Indra instruct Arjuna in celestial warfare?,3.44,"['6.21', '3.174', '3.48']","[0.6033974289894104, 0.5935723781585693, 0.5928499698638916]",False,,0.5605692863464355
Where is the dialogue between Chitrasena and Urvashi found?,3.45,"['3.45', '1.4', '1.59']","[0.5061870813369751, 0.4464244246482849, 0.42836958169937134]",True,1.0,0.5061870813369751
Which chapter features Chitrasena’s discussion with Urvashi in heaven?,3.45,"['3.45', '1.4', '18.1']","[0.508307695388794, 0.5040698051452637, 0.4656597375869751]",True,1.0,0.5083076357841492
Where does Urvashi approach Arjuna with desire and curse him upon rejection?,3.46,"['3.46', '8.71', '3.45']","[0.5650172233581543, 0.5416911840438843, 0.5264559984207153]",True,1.0,0.5650172829627991
Which chapter narrates Urvashi’s curse making Arjuna live as a eunuch?,3.46,"['3.46', '1.182', '1.180']","[0.5569555759429932, 0.506829559803009, 0.49922776222229004]",True,1.0,0.5569555759429932
Which section narrates Lomasha meeting Arjuna and Indra in heaven?,3.47,"['3.130', '14.16', '3.91']","[0.5961079597473145, 0.5637251138687134, 0.5363234281539917]",False,,0.5262175798416138
Where does Lomasha carry Indra’s message to the Pandavas in Kamyakavana?,3.47,"['3.91', '3.125', '3.145']","[0.5416698455810547, 0.4823104739189148, 0.4719754457473755]",False,,0.3273688554763794
Which chapter shows Dhritarashtra expressing worry for his sons?,3.48,"['6.90', '15.2', '1.117']","[0.6177517771720886, 0.6088293194770813, 0.5945130586624146]",False,,0.42280852794647217
Where does Dhritarashtra confide his fears to Sanjaya?,3.48,"['5.71', '5.59', '7.11']","[0.658199667930603, 0.6278372406959534, 0.5974529385566711]",False,,0.45094722509384155
Which section records Dhritarashtra’s anger during his discussion with Sanjaya?,3.49,"['9.32', '9.64', '7.202']","[0.5830000042915344, 0.5743883848190308, 0.5651681423187256]",False,,0.39288169145584106
Where does Sanjaya attempt to calm the worried Dhritarashtra?,3.49,"['7.94', '5.71', '7.202']","[0.5913064479827881, 0.5912178754806519, 0.5766701698303223]",False,,0.4183177351951599
Where is the description of the Pandavas’ diet during their forest exile?,3.50,"['3.258', '15.29', '3.50']","[0.5407739877700806, 0.5369875431060791, 0.48509547114372253]",True,3.0,0.4850955009460449
Which chapter mentions what food the Pandavas ate while in the forest?,3.50,"['3.258', '15.29', '3.50']","[0.5843147039413452, 0.5311933755874634, 0.5203829407691956]",True,3.0,0.5203830003738403
Where does Sanjaya tell Dhritarashtra about Krishna’s vow to destroy Duryodhana?,3.51,"['9.27', '5.71', '9.5']","[0.6670600175857544, 0.6101223826408386, 0.6047829985618591]",False,,0.3763718605041504
Which chapter contains the account of Krishna’s oath for the Pandavas’ revenge?,3.51,"['1.213', '3.311', '3.12']","[0.587128221988678, 0.56600022315979, 0.5581048130989075]",False,,0.4699003994464874
Where does Brihadashva narrate the story of Nala to Yudhishthira?,3.52,"['3.60', '3.76', '3.67']","[0.5291001796722412, 0.5203496217727661, 0.5048998594284058]",False,,0.39889582991600037
Which chapter describes Brihadashva meeting the Pandavas and beginning the Nalopakhyana?,3.52,"['1.165', '15.24', '1.218']","[0.5327541828155518, 0.5147310495376587, 0.5020850896835327]",False,,0.40574878454208374
Where is King Sagara’s penance to obtain children described?,3.106,"['15.20', '15.2', '1.115']","[0.5335116386413574, 0.5186980366706848, 0.5186686515808105]",False,,0.48265141248703003
Which chapter narrates Lord Shiva granting a boon to King Sagara?,3.106,"['3.40', '15.20', '5.18']","[0.4389665126800537, 0.4264512062072754, 0.4190904498100281]",False,,0.41496795415878296
Which section narrates the burning of King Sagara’s sixty thousand sons by Sage Kapila?,3.107,"['1.150', '1.148', '4.23']","[0.5841234922409058, 0.530010998249054, 0.5262418985366821]",False,,0.4202062785625458
Where is the lineage from Sagara to Bhagiratha described in the Mahabharata?,3.107,"['3.106', '1.59', '1.5']","[0.5133039355278015, 0.5078513622283936, 0.4798462390899658]",False,,0.4429819583892822
Which chapter describes Bhagiratha’s penance to bring the Ganga to earth?,3.108,"['7.60', '1.214', '12.50']","[0.6098841428756714, 0.5772855281829834, 0.5503316521644592]",False,,0.40943798422813416
Where does Ganga grant Bhagiratha the boon to descend from heaven?,3.108,"['7.60', '1.96', '3.109']","[0.6106700897216797, 0.5916987657546997, 0.5865050554275513]",False,,0.43121257424354553
Where is the descent of Ganga from heaven to earth narrated?,3.109,"['3.109', '1.214', '7.60']","[0.6260015964508057, 0.5943467020988464, 0.5929800271987915]",True,1.0,0.6260015964508057
Which chapter describes the salvation of the sons of Sagara through Ganga’s descent?,3.109,"['7.60', '14.1', '1.214']","[0.5527519583702087, 0.5459047555923462, 0.5372242331504822]",False,,0.4614408612251282
Which chapter narrates King Lomapada’s efforts to bring Rishyashringa to his kingdom?,3.110,"['3.122', '3.91', '3.288']","[0.5137841701507568, 0.5134472846984863, 0.5130276679992676]",False,,0.40675419569015503
Where is the story of Rishyashringa and the greatness of Nanda and Kaushiki described?,3.110,"['1.1', '3.274', '3.113']","[0.4854790270328522, 0.4481814205646515, 0.4452270567417145]",False,,0.4084031581878662
Where does the prostitute seduce Rishyashringa to lure him away from his ashram?,3.111,"['3.111', '3.113', '1.71']","[0.47828614711761475, 0.4669167995452881, 0.44524049758911133]",True,1.0,0.47828614711761475
Which chapter shows Vibhandaka questioning the cause of his concern for Rishyashringa?,3.111,"['3.113', '15.13', '3.71']","[0.5023456811904907, 0.4926823377609253, 0.4851651191711426]",False,,0.378028929233551
Which section contains Rishyashringa describing the appearance of the celibate woman to Vibhandaka?,3.112,"['1.122', '9.48', '3.113']","[0.5782537460327148, 0.542609691619873, 0.5380404591560364]",False,,0.5334458351135254
Where does Rishyashringa narrate his encounter with the prostitute to his father?,3.112,"['1.83', '1.169', '1.4']","[0.45292529463768005, 0.4461067020893097, 0.4444256126880646]",False,,0.41727742552757263
Where is Rishyashringa’s marriage to King Lomapada’s daughter described?,3.113,"['3.122', '3.97', '3.111']","[0.562660276889801, 0.5437540411949158, 0.5030325055122375]",False,,0.44250941276550293
Which chapter narrates Lomapada welcoming Sage Vibhandaka and earning his blessing?,3.113,"['14.16', '3.91', '16.7']","[0.47903990745544434, 0.4582204222679138, 0.4439477026462555]",False,,0.3187227249145508
"Which chapter narrates Yudhishthira’s pilgrimage through Kaushiki, Ganga Sagar, and Vaitarani?",3.114,"['3.140', '18.3', '18.2']","[0.555228590965271, 0.549898087978363, 0.5275126695632935]",False,,0.4323357939720154
Where is Yudhishthira’s journey to Mahendra Parvat mentioned?,3.114,"['18.3', '3.158', '3.52']","[0.5205837488174438, 0.5086873173713684, 0.5082741379737854]",False,,0.3601909875869751
Where is the story of Parashurama’s lineage beginning with Richika and Gadhikanya told?,3.115,"['3.274', '1.95', '12.173']","[0.5026201009750366, 0.47792643308639526, 0.43668219447135925]",False,,0.3778190016746521
Which chapter describes Jamadagni’s birth by the grace of Sage Bhrigu?,3.115,"['14.70', '3.116', '1.49']","[0.49779701232910156, 0.47278887033462524, 0.45589160919189453]",False,,0.39449942111968994
Where is Parashurama’s act of beheading his mother and reviving her described?,3.116,"['12.173', '3.138', '5.186']","[0.5157861709594727, 0.4696248769760132, 0.46296149492263794]",False,,0.35287171602249146
Which chapter narrates Parashurama’s battle with Kartavirya Arjuna?,3.116,"['14.83', '6.116', '14.74']","[0.502751886844635, 0.48733505606651306, 0.48315343260765076]",False,,0.18823154270648956
Where is Parashurama’s destruction of the Kshatriyas twenty-one times described?,3.117,"['12.48', '3.11', '8.54']","[0.6176471710205078, 0.5116017460823059, 0.4976363182067871]",False,,0.48074212670326233
Which section mentions Yudhishthira worshipping Parashurama?,3.117,"['18.2', '18.3', '13.31']","[0.5405839085578918, 0.5264370441436768, 0.5062198638916016]",False,,0.27292531728744507
Which chapter tells the story of Ashtavakra’s birth and deformity?,3.132,"['3.132', '13.21', '13.20']","[0.5110693573951721, 0.5026601552963257, 0.4217655062675476]",True,1.0,0.5110693573951721
Where does Ashtavakra first visit King Janaka’s court?,3.132,"['12.326', '13.21', '14.59']","[0.49684658646583557, 0.4788196086883545, 0.44396069645881653]",False,,0.3482452630996704
Where does Ashtavakra converse with the gatekeeper before meeting King Janaka?,3.133,"['12.326', '3.133', '5.32']","[0.48779064416885376, 0.4840002655982971, 0.4787828028202057]",True,2.0,0.4840002655982971
Which chapter describes the dialogue between Ashtavakra and Janaka?,3.133,"['14.16', '3.134', '13.21']","[0.5159383416175842, 0.48975372314453125, 0.4819028973579407]",False,,0.358620822429657
Which chapter narrates Ashtavakra’s debate with Bandi in King Janaka’s court?,3.134,"['3.134', '7.96', '12.326']","[0.5354403853416443, 0.4621119797229767, 0.45365017652511597]",True,1.0,0.5354404449462891
Where does Ashtavakra regain his normal form after bathing in the Samanga River?,3.134,"['13.21', '9.43', '3.132']","[0.4582212567329407, 0.44705480337142944, 0.44662588834762573]",False,,0.36123043298721313
Where does Bhima fight wild beasts and get caught by a giant serpent?,3.178,"['3.179', '3.180', '1.129']","[0.5789680480957031, 0.5093520879745483, 0.494545578956604]",False,,0.4515855014324188
Which chapter describes Bhima’s encounter with the python in the forest?,3.178,"['1.151', '3.179', '3.151']","[0.5267516374588013, 0.5091686248779297, 0.5066821575164795]",False,,0.49071499705314636
Which chapter features Bhima’s conversation with Nahusha in serpent form?,3.179,"['3.180', '3.179', '3.66']","[0.5943604111671448, 0.540294885635376, 0.527222216129303]",True,2.0,0.5402947664260864
Where is Yudhishthira shown searching for Bhima after his capture?,3.179,"['1.129', '7.127', '18.2']","[0.5691385269165039, 0.5379682183265686, 0.5120247006416321]",False,,0.31596824526786804
Which section narrates Yudhishthira’s dialogue with Nahusha in serpent form?,3.180,"['3.180', '3.181', '8.66']","[0.5924464464187622, 0.5278425216674805, 0.5013747811317444]",True,1.0,0.5924464464187622
Where does Yudhishthira answer Nahusha’s questions to free Bhima?,3.180,"['7.127', '15.12', '7.52']","[0.5574121475219727, 0.5199233293533325, 0.515336275100708]",False,,0.5048128962516785
Where does Nahusha get released from his serpent curse after Yudhishthira’s answers?,3.181,"['3.180', '13.100', '5.17']","[0.5963355898857117, 0.5429845452308655, 0.5195547342300415]",False,,0.4721558690071106
Which chapter ends the story of Nahusha’s liberation and Bhima’s release?,3.181,"['6.63', '10.1', '7.40']","[0.47390031814575195, 0.47351884841918945, 0.4578239321708679]",False,,0.23544076085090637
Which chapter describes Draupadi teaching Satyabhama about the duties of a virtuous wife?,3.233,"['3.233', '1.199', '4.19']","[0.60345858335495, 0.5884404182434082, 0.5641707181930542]",True,1.0,0.6034586429595947
Where is the conversation between Draupadi and Satyabhama on chastity found?,3.233,"['3.233', '3.295', '4.19']","[0.5562722086906433, 0.5335767269134521, 0.5321367979049683]",True,1.0,0.5562721490859985
Which chapter explains how a wife can please her husband through devoted service?,3.234,"['3.234', '13.46', '12.144']","[0.6010665893554688, 0.5267086029052734, 0.5085103511810303]",True,1.0,0.6010665893554688
Where is the teaching on serving one’s husband with devotion described?,3.234,"['3.234', '13.19', '12.144']","[0.5197527408599854, 0.5076634883880615, 0.47513872385025024]",True,1.0,0.5197527408599854
Where does Satyabhama depart for Dwaraka with Shri Krishna?,3.235,"['5.7', '1.220', '5.59']","[0.4963868260383606, 0.48351284861564636, 0.4813409447669983]",False,,0.4749664068222046
Which section narrates Satyabhama assuring Draupadi before leaving?,3.235,"['7.126', '4.19', '7.130']","[0.5502194166183472, 0.5331072807312012, 0.5330855846405029]",False,,0.5098984241485596
Which chapter describes the birth of Shri Ram and the origin of Kubera?,3.274,"['3.23', '3.277', '1.109']","[0.47257351875305176, 0.4686007499694824, 0.46057409048080444]",False,,0.4526686370372772
Where is Kubera’s attainment of wealth narrated?,3.274,"['1.109', '14.63', '12.28']","[0.5220551490783691, 0.5023502111434937, 0.46840280294418335]",False,,0.33369195461273193
Where is Ravana’s origin and Kubera’s curse on him described?,3.275,"['3.274', '3.275', '1.6']","[0.5465974807739258, 0.5270595550537109, 0.5157978534698486]",True,2.0,0.5270595550537109
"Which section tells of the birth and penance of Ravana, Kumbhakarna, and Vibhishana?",3.275,"['3.274', '3.275', '11.9']","[0.48570215702056885, 0.48105064034461975, 0.4766310453414917]",True,2.0,0.48105061054229736
Which chapter narrates the gods appealing to Brahma to stop Ravana’s tyranny?,3.276,"['12.39', '3.278', '5.17']","[0.49653422832489014, 0.4767574071884155, 0.4470076262950897]",False,,0.32719284296035767
Where is the origin of the monkey and bear warriors described?,3.276,"['3.283', '3.286', '3.287']","[0.612625241279602, 0.577228844165802, 0.5404532551765442]",False,,0.3503381609916687
Which section tells about Ram’s exile and Bharata’s visit to Chitrakoot?,3.277,"['9.26', '7.194', '8.10']","[0.471716046333313, 0.46872544288635254, 0.46152669191360474]",False,,0.4555555284023285
Where is the killing of Khar and Dushan described?,3.277,"['9.27', '8.92', '8.63']","[0.5761914253234863, 0.5651075839996338, 0.5593924522399902]",False,,0.30960923433303833
Where does Ravana abduct Sita after Maricha’s death?,3.278,"['3.281', '3.278', '3.291']","[0.4970259666442871, 0.476820170879364, 0.4713478088378906]",True,2.0,0.4768201410770416
Which chapter narrates the killing of Maricha disguised as a deer?,3.278,"['3.184', '12.126', '3.258']","[0.38874489068984985, 0.3876388669013977, 0.37759530544281006]",False,,0.33539116382598877
Which section describes the killing of Jatayu and his funeral by Shri Ram?,3.279,"['7.51', '4.23', '8.92']","[0.5236785411834717, 0.5102678537368774, 0.5081707835197449]",False,,0.34746015071868896
Where does Kabandha’s story and his killing by Ram appear?,3.279,"['8.63', '8.95', '7.41']","[0.4864879846572876, 0.45859840512275696, 0.4473668932914734]",False,,0.26072070002555847
Which chapter narrates the alliance between Rama and Sugriva and the killing of Vali?,3.280,"['3.280', '16.4', '16.1']","[0.4957336187362671, 0.4796218276023865, 0.46651357412338257]",True,1.0,0.4957335591316223
Where is Trijata comforting Sita in Ashok Vatika described?,3.280,"['3.291', '3.295', '9.36']","[0.5239826440811157, 0.4998464584350586, 0.47112905979156494]",False,,0.3325120508670807
Where does the dialogue between Ravana and Sita take place in Lanka?,3.281,"['3.148', '3.291', '3.284']","[0.5543988943099976, 0.5406316518783569, 0.5124557614326477]",False,,0.45282164216041565
Which chapter records Ravana’s persuasion and Sita’s steadfast refusal?,3.281,"['3.148', '3.281', '3.291']","[0.4888542592525482, 0.48020946979522705, 0.46635887026786804]",True,2.0,0.48020949959754944
Which chapter narrates Hanuman’s return from Lanka and recounting his journey?,3.282,"['3.148', '3.147', '3.280']","[0.5635583400726318, 0.4700974225997925, 0.45454567670822144]",False,,0.28548312187194824
Where does Sugriva send the monkey army to search for Sita?,3.282,"['3.148', '3.287', '3.282']","[0.5449525117874146, 0.506182849407196, 0.48929888010025024]",True,3.0,0.48929890990257263
Which section describes the building of the bridge to Lanka?,3.283,"['3.284', '6.6', '1.149']","[0.4743894338607788, 0.38891851902008057, 0.38132163882255554]",False,,0.16846001148223877
Where is Angada’s embassy to Ravana mentioned?,3.283,"['3.284', '3.281', '3.67']","[0.42971909046173096, 0.38853031396865845, 0.3787645697593689]",False,,0.2292180359363556
Which chapter depicts Angada delivering Ram’s message to Ravana?,3.284,"['8.18', '7.159', '9.34']","[0.3925887942314148, 0.3673590421676636, 0.3666870892047882]",False,,0.36016523838043213
Where is the battle between the Vanaras and Rakshasas narrated?,3.284,"['6.2', '7.179', '16.1']","[0.5377602577209473, 0.5343447923660278, 0.5317807197570801]",False,,0.4145087003707886
Which chapter narrates Swaha’s union with Agni taking the form of sages’ wives?,3.224,"['3.225', '3.46', '4.15']","[0.48453038930892944, 0.4725136458873749, 0.44959282875061035]",False,,0.43796512484550476
Where is the story of Agni’s union with Swaha described?,3.224,"['3.217', '1.23', '3.225']","[0.5434062480926514, 0.4812923073768616, 0.4514327645301819]",False,,0.3282478153705597
Which chapter describes the birth of Skanda (Kartikeya)?,3.225,"['3.228', '3.229', '3.230']","[0.569342851638794, 0.49732765555381775, 0.48179852962493896]",False,,0.270842581987381
Where is the destruction of mountains like Krauncha by Skanda mentioned?,3.225,"['3.11', '16.1', '3.171']","[0.5114427804946899, 0.4886016845703125, 0.48327720165252686]",False,,0.270268976688385
Where is Vishwamitra performing the sacred rites for Skanda described?,3.226,"['9.42', '9.55', '9.54']","[0.5098451972007751, 0.49090710282325745, 0.4905480742454529]",False,,0.39449310302734375
Which chapter mentions Agnidev protecting the child Skanda?,3.226,"['3.228', '3.231', '9.44']","[0.5449792146682739, 0.46639174222946167, 0.45017188787460327]",False,,0.4185802936553955
Where does Skanda grant protection to Indra and the other gods after their defeat?,3.227,"['3.229', '5.12', '5.18']","[0.6648410558700562, 0.5465418100357056, 0.5233397483825684]",False,,0.41982653737068176
Which section narrates the gods seeking refuge in Skanda?,3.227,"['3.228', '12.327', '5.99']","[0.4697186052799225, 0.46655985713005066, 0.45950883626937866]",False,,0.36222732067108154
Which chapter tells of Skanda being made the commander of the gods?,3.229,"['3.229', '3.228', '9.44']","[0.5678544640541077, 0.5362890958786011, 0.4958607256412506]",True,1.0,0.5678544640541077
Where is Skanda’s marriage to Devasena described?,3.229,"['3.228', '3.224', '1.82']","[0.520697295665741, 0.5150615572929382, 0.5021510720252991]",False,,0.4950758218765259
Which chapter explains how the Krittikas became stars in the sky?,3.230,"['3.230', '18.4', '3.227']","[0.5126240849494934, 0.508571445941925, 0.5039482116699219]",True,1.0,0.5126240253448486
Where is the description of planets causing troubles to humans found?,3.230,"['6.3', '5.143', '5.84']","[0.4286643862724304, 0.39068782329559326, 0.3024281859397888]",False,,0.1151331290602684
Where is Skanda’s battle with Mahishasura narrated?,3.231,"['7.39', '3.271', '9.10']","[0.4485350251197815, 0.43646568059921265, 0.43085169792175293]",False,,0.3226388096809387
Which chapter mentions Skanda’s journey with Rudra and the gods?,3.231,"['3.228', '3.229', '3.231']","[0.5189629197120667, 0.47662031650543213, 0.4659178853034973]",True,3.0,0.4659178853034973
Which section lists the many names and titles of Kartikeya?,3.232,"['3.232', '1.35', '3.265']","[0.71599942445755, 0.5099343061447144, 0.4942989945411682]",True,1.0,0.7159993648529053
Where is the praise and glorification of Kartikeya described?,3.232,"['3.232', '3.265', '7.4']","[0.614774227142334, 0.48164987564086914, 0.4806499481201172]",True,1.0,0.614774227142334
Which chapter narrates the great battle between Rama and Ravana’s armies?,3.285,"['9.35', '3.285', '3.290']","[0.5869039297103882, 0.524652361869812, 0.5016750693321228]",True,2.0,0.524652361869812
Where is the clash of the Vanara and Rakshasa forces described?,3.285,"['6.94', '3.285', '7.179']","[0.621227502822876, 0.5849449038505554, 0.5759483575820923]",True,2.0,0.5849449634552002
Where does Ravana awaken Kumbhakarna for battle?,3.286,"['9.55', '3.288', '7.187']","[0.45101284980773926, 0.4467886984348297, 0.44314324855804443]",False,,0.31009921431541443
Which section describes Ravana’s grief over Prahastha and Dhumraksha’s deaths?,3.286,"['1.9', '7.59', '7.181']","[0.5480929017066956, 0.5327515602111816, 0.5323096513748169]",False,,0.35252222418785095
Which chapter depicts the killing of Kumbhakarna by Shri Ram?,3.287,"['16.4', '8.54', '8.92']","[0.5210837125778198, 0.49681293964385986, 0.49575480818748474]",False,,0.4674707055091858
Where are Vajravega and Pramathika slain in battle?,3.287,"['15.32', '8.5', '7.30']","[0.5815149545669556, 0.5772980451583862, 0.5599669814109802]",False,,0.37781232595443726
Where does Indrajit use illusion in battle against Rama and Lakshmana?,3.288,"['9.31', '3.288', '3.289']","[0.5276967287063599, 0.4864692687988281, 0.4459846317768097]",True,2.0,0.48646920919418335
Which chapter narrates Rama and Lakshmana becoming unconscious in Indrajit’s attack?,3.288,"['16.4', '3.288', '9.60']","[0.5269766449928284, 0.5006253123283386, 0.4862431585788727]",True,2.0,0.5006252527236938
Which chapter describes Lakshmana killing Indrajit?,3.289,"['3.288', '7.30', '9.10']","[0.5326621532440186, 0.500435471534729, 0.49837619066238403]",False,,0.26517242193222046
Where does Avindhya restrain Ravana from killing Sita?,3.289,"['3.291', '3.281', '3.279']","[0.5165327787399292, 0.4765993356704712, 0.4600237011909485]",False,,0.2459292709827423
Which chapter recounts the final duel between Rama and Ravana?,3.290,"['9.35', '7.59', '3.285']","[0.5137431621551514, 0.5095467567443848, 0.5037059187889099]",False,,0.48664259910583496
Where is Ravana’s death at Rama’s hands described?,3.290,"['7.59', '3.274', '3.278']","[0.654083251953125, 0.5588500499725342, 0.5446380972862244]",False,,0.5144765973091125
Which chapter narrates Sita’s trial by fire and divine vindication?,3.291,"['3.282', '3.148', '3.291']","[0.47468605637550354, 0.46530354022979736, 0.4496006965637207]",True,3.0,0.4496006965637207
Where does Rama return to Ayodhya and reunite with Bharata?,3.291,"['3.274', '3.291', '9.35']","[0.5085570812225342, 0.5039771795272827, 0.5033069252967834]",True,2.0,0.5039771795272827
Where does Sage Markandeya console or reassure Yudhishthira?,3.292,"['3.6', '13.1', '3.159']","[0.4983637034893036, 0.4910010099411011, 0.48442989587783813]",False,,0.3688026964664459
Which section contains Markandeya’s counsel to Yudhishthira during exile?,3.292,"['14.2', '11.12', '14.87']","[0.4820517897605896, 0.47386136651039124, 0.47363200783729553]",False,,0.33010461926460266
Which chapter tells of King Aswapati’s boon of a daughter Savitri?,3.293,"['1.16', '3.293', '5.104']","[0.5424729585647583, 0.5295999050140381, 0.5145775079727173]",True,2.0,0.5295997858047485
Where is Aswapati’s search for a suitable husband for Savitri described?,3.293,"['1.16', '3.294', '1.46']","[0.5177199840545654, 0.49619847536087036, 0.4818840026855469]",False,,0.432512104511261
Which chapter narrates Savitri’s decision to marry Satyavan?,3.294,"['3.295', '3.296', '3.298']","[0.5323835611343384, 0.5295244455337524, 0.5110535621643066]",False,,0.48407086730003357
Where does Savitri express her firm resolve to wed Satyavan despite warnings?,3.294,"['3.296', '3.295', '3.297']","[0.6177660822868347, 0.5939962863922119, 0.5540050268173218]",False,,0.5312272310256958
Which chapter narrates the wedding of Savitri and Satyavan?,3.295,"['5.174', '3.296', '3.295']","[0.5028603076934814, 0.49649351835250854, 0.49555087089538574]",True,3.0,0.49555087089538574
Where is the account of Savitri’s devoted service to her family found?,3.295,"['3.293', '3.296', '1.1']","[0.5570173263549805, 0.5220059752464294, 0.516831636428833]",False,,0.4748989939689636
Which chapter depicts Savitri’s vow and her journey to the forest with Satyavan?,3.296,"['3.296', '3.295', '3.298']","[0.5623313188552856, 0.5491700172424316, 0.4929988384246826]",True,1.0,0.5623313188552856
Where is Savitri’s act of fasting before accompanying Satyavan described?,3.296,"['3.296', '3.297', '3.298']","[0.685809850692749, 0.5457510948181152, 0.4872131645679474]",True,1.0,0.685809850692749
Which chapter contains the dialogue between Savitri and Yama?,3.297,"['3.297', '1.1', '1.191']","[0.45522457361221313, 0.41347092390060425, 0.41032952070236206]",True,1.0,0.45522451400756836
Where does Yama restore Satyavan’s life and bless Savitri?,3.297,"['3.297', '3.298', '7.71']","[0.5968297719955444, 0.5555514693260193, 0.48355987668037415]",True,1.0,0.5968297719955444
Which chapter describes Dyumatsena’s concern for his son Satyavan?,3.298,"['3.298', '7.110', '3.8']","[0.5775377154350281, 0.5569950342178345, 0.5276553630828857]",True,1.0,0.5775377154350281
Where does Savitri explain the cause of her delayed return with Satyavan?,3.298,"['3.296', '3.298', '3.297']","[0.5445220470428467, 0.5385469794273376, 0.5273892879486084]",True,2.0,0.5385469794273376
Where does Dyumatsena regain his kingdom with the people’s request?,3.299,"['3.299', '5.4', '4.35']","[0.6311017274856567, 0.5896540284156799, 0.5363064408302307]",True,1.0,0.6311017274856567
Which chapter describes the blessings of Savitri’s hundred sons and brothers?,3.299,"['15.33', '5.1', '3.128']","[0.4894184470176697, 0.48246264457702637, 0.4651736319065094]",False,,0.40758758783340454
Which chapter describes Surya warning Karna about Indra’s visit?,3.300,"['5.146', '5.145', '8.68']","[0.5431259870529175, 0.5239232778549194, 0.5088979005813599]",False,,0.4754209518432617
Where does Karna insist on giving away his divine armor and earrings?,3.300,"['12.5', '5.145', '3.310']","[0.6061093807220459, 0.5651885271072388, 0.535190761089325]",False,,0.5330898761749268
Which chapter describes Surya warning Karna against giving his earrings to Indra?,3.301,"['5.145', '5.146', '3.300']","[0.5518254041671753, 0.5455484390258789, 0.5320340394973755]",False,,0.3497473895549774
Where does Surya advise Karna to keep his divine armor and earrings?,3.301,"['5.145', '3.302', '12.5']","[0.4913303554058075, 0.48777326941490173, 0.4822111129760742]",False,,0.3983868956565857
Which chapter narrates the dialogue between Surya and Karna?,3.302,"['5.146', '5.145', '12.6']","[0.5384746789932251, 0.5212198495864868, 0.4971943795681]",False,,0.4884939193725586
Where does Karna resolve to part with his armor only after gaining a boon from Indra?,3.302,"['12.5', '5.145', '11.21']","[0.6274767518043518, 0.5843642950057983, 0.5575160980224609]",False,,0.4957033395767212
Where does Sage Durvasa arrive at Kuntibhoja’s court?,3.303,"['5.32', '1.220', '15.16']","[0.47813451290130615, 0.4740709066390991, 0.4474946856498718]",False,,0.379545122385025
Which chapter describes Kuntibhoja assigning Pritha (Kunti) to serve Durvasa?,3.303,"['3.305', '1.199', '3.304']","[0.5660824775695801, 0.5160102248191833, 0.5063440799713135]",False,,0.49734705686569214
Which chapter narrates Kunti’s conversation with her father about Durvasa’s visit?,3.304,"['15.18', '15.16', '14.88']","[0.5009090304374695, 0.4961349070072174, 0.495111346244812]",False,,0.46468597650527954
Where is Kunti’s service to the Brahmin guest described?,3.304,"['3.304', '3.303', '1.157']","[0.6467745900154114, 0.5706189870834351, 0.5399354696273804]",True,1.0,0.6467745304107666
Where does Durvasa teach Kunti the divine mantra as a reward for her service?,3.305,"['15.30', '3.304', '1.199']","[0.6424816846847534, 0.5468475818634033, 0.5087822079658508]",False,,0.4175463020801544
Which section describes the Brahmin granting Kunti a boon for her devotion?,3.305,"['3.304', '3.303', '15.17']","[0.6551233530044556, 0.5511033535003662, 0.5415579080581665]",False,,0.5198981761932373
Which chapter describes Kunti invoking the Sun God through the mantra?,3.306,"['15.30', '3.306', '3.304']","[0.6480950117111206, 0.604338526725769, 0.5811099410057068]",True,2.0,0.604338526725769
Where is the dialogue between Kunti and Surya narrated?,3.306,"['1.191', '15.16', '3.304']","[0.46319854259490967, 0.45471328496932983, 0.43746334314346313]",False,,0.374441921710968
Where does Surya bless Kunti and cause her to conceive Karna?,3.307,"['5.146', '5.145', '3.308']","[0.5094032883644104, 0.5016295313835144, 0.483681321144104]",False,,0.47343695163726807
Which chapter narrates the divine conception of Karna by Kunti and Surya?,3.307,"['5.145', '5.146', '5.140']","[0.6351007223129272, 0.5722038745880127, 0.5507813692092896]",False,,0.39253318309783936
Which chapter tells of Karna’s birth and Kunti setting him afloat in the river?,3.308,"['1.137', '5.145', '11.27']","[0.5474640130996704, 0.5277184247970581, 0.4944099485874176]",False,,0.4686060845851898
Where does Kunti grieve after abandoning her infant son Karna?,3.308,"['5.145', '2.79', '5.141']","[0.5583164095878601, 0.548136830329895, 0.5452213287353516]",False,,0.487341046333313
Which chapter describes Karna’s adoption by Adhiratha and Radha?,3.309,"['5.145', '5.141', '1.137']","[0.638426661491394, 0.6170253753662109, 0.5344208478927612]",False,,0.5185811519622803
Where is Indra’s arrival to meet Karna mentioned?,3.309,"['5.12', '5.145', '3.224']","[0.5190709233283997, 0.5042592883110046, 0.49157655239105225]",False,,0.34059715270996094
Where does Indra receive Karna’s divine armor and earrings in exchange for a boon?,3.310,"['3.310', '3.174', '12.5']","[0.5107601881027222, 0.49949026107788086, 0.496420681476593]",True,1.0,0.5107600688934326
Which chapter narrates Indra blessing Karna with the Vasavi Shakti weapon?,3.310,"['8.74', '12.2', '7.184']","[0.5230301022529602, 0.4915645718574524, 0.4838712215423584]",False,,0.3295571804046631
Which chapter narrates the Pandavas chasing a deer that stole the Brahmin’s firewood?,3.311,"['3.258', '3.311', '1.118']","[0.6737166047096252, 0.6148391962051392, 0.5881097316741943]",True,2.0,0.6148391962051392
Where is the incident leading to the Yaksha’s lake described?,3.311,"['3.153', '3.312', '3.154']","[0.5999304056167603, 0.5423750877380371, 0.5351055860519409]",False,,0.4212650656700134
Where do the Pandavas fall unconscious one after another by the lake?,3.312,"['15.24', '3.258', '9.30']","[0.5116840600967407, 0.5048881769180298, 0.5031862258911133]",False,,0.317377507686615
Which section precedes Yudhishthira’s encounter with the Yaksha?,3.312,"['18.3', '18.2', '5.153']","[0.5777382254600525, 0.5510437488555908, 0.5439883470535278]",False,,0.41283273696899414
Which chapter contains the dialogue between Yaksha and Yudhishthira?,3.313,"['8.66', '18.3', '18.2']","[0.5093261003494263, 0.4921329915523529, 0.48489081859588623]",False,,0.3179853558540344
Where does Yaksha restore the lives of the Pandavas after being pleased with Yudhishthira’s answers?,3.313,"['3.314', '3.52', '3.7']","[0.6341697573661804, 0.5901768207550049, 0.5684167742729187]",False,,0.44195425510406494
Which section includes Yudhishthira’s famous philosophical responses to Yaksha?,3.313,"['12.201', '12.290', '12.129']","[0.5451958179473877, 0.5418459177017212, 0.5408087372779846]",False,,0.35223937034606934
