query,ground_truth,top_ids,correct,rank_of_correct
What is the main premise and scope of the Mahabharata as described in its introduction?,1.1,"['1.62', '1.59', '18.6']",False,
Which topics are briefly listed or summarized at the start of the Mahabharata?,1.1,"['1.59', '18.6', '1.62']",False,
What glories or benefits are said to come from reading or listening to the Mahabharata?,1.1,"['1.59', '1.62', '18.6']",False,
What is the significance of the Samantpanchak region in the Mahabharata?,1.2,"['1.2', '3.163', '9.55']",True,1.0
How is the Akshauhini army described or enumerated in the Mahabharata?,1.2,"['5.151', '5.155', '5.19']",False,
Which festivals are mentioned in the Mahabharata and what are their meanings or outcomes?,1.2,"['15.14', '6.113', '1.219']",False,
What are the stated benefits of reading or hearing the Mahabharata in this section?,1.2,"['1.59', '18.6', '1.62']",False,
Why did Sage Saramaka curse King Janamejaya?,1.3,"['1.3', '12.151', '2.45']",True,1.0
How did Janamejaya choose Somashrava as his priest for the serpent sacrifice?,1.3,"['1.60', '1.13', '1.53']",False,
"What is the story of Aruni, Upamanyu, and their devotion to their Guru Uttanka?",1.3,"['5.14', '1.212', '1.208']",False,
How did Uttanka inspire Janamejaya to perform the Sarpayajna (snake sacrifice)?,1.3,"['1.60', '1.13', '1.53']",False,
What happened when the demon Puloma arrived at Sage Bhrigu’s ashram?,1.5,"['1.148', '1.5', '3.161']",True,2.0
What conversation took place between Puloma and the fire god Agni?,1.5,"['3.134', '3.222', '3.217']",False,
How was Maharshi Chyavana born?,1.6,"['1.6', '3.126', '1.8']",True,1.0
How did Chyavana destroy the demon Puloma?,1.6,"['1.6', '1.148', '4.21']",True,1.0
"Why did Bhrigu curse the fire god Agni, and what was the outcome?",1.6,"['5.16', '3.217', '3.222']",False,
Why did Agni disappear from the world after being cursed by Bhrigu?,1.7,"['3.217', '3.225', '13.85']",False,
How did Lord Brahma pacify Agni and mitigate his curse?,1.7,"['3.217', '13.85', '13.155']",False,
"Who was Pramadvara, and how was she born?",1.8,"['1.8', '3.308', '3.264']",True,1.0
What conversations took place between Pramadvara and Ruru before their marriage?,1.8,"['1.9', '13.42', '1.199']",False,
"How did Pramadvara die, and what caused her death?",1.8,"['1.9', '13.42', '7.55']",False,
How was Pramadvara revived to live half of Ruru’s lifespan?,1.9,"['1.9', '1.8', '13.42']",True,1.0
What happened after Ruru and Pramadvara’s marriage?,1.9,"['1.9', '13.42', '1.8']",True,1.0
Why did Ruru vow to kill all snakes?,1.9,"['1.10', '1.38', '1.11']",False,
What teachings did Dundubhaka share with Ruru?,1.10,"['1.10', '5.148', '1.11']",True,1.0
What is the story of Dundubha’s past as revealed in his autobiography?,1.11,"['3.1', '15.22', '1.165']",False,
What lessons of non-violence did Dundubha impart to Ruru?,1.11,"['2.73', '12.140', '5.58']",False,
How did Dundubha’s own life experiences influence his teachings to Ruru?,1.11,"['1.10', '1.11', '1.9']",True,2.0
Why was Ruru curious about Janamejaya’s snake charmer?,1.12,"['1.12', '1.10', '1.11']",True,1.0
How did Ruru’s father respond to or satisfy his curiosity?,1.12,"['1.12', '1.9', '1.8']",True,1.0
What was the significance of the snake charmer in Janamejaya’s story?,1.12,"['1.13', '1.44', '3.180']",False,
Why did Jaratkaru agree to marry at the request of his ancestors?,1.13,"['1.46', '1.14', '1.112']",False,
What was the background or reason behind Jaratkaru’s ancestors asking him to marry?,1.13,"['1.46', '1.14', '1.112']",False,
How did Jaratkaru’s marriage fulfill his ancestors’ wishes?,1.13,"['1.46', '1.14', '1.112']",False,
How did Jaratkaru come to marry Vasuki’s sister?,1.14,"['1.14', '1.46', '4.14']",True,1.0
What conditions or circumstances led to the union between Jaratkaru and Vasuki’s sister?,1.14,"['1.14', '1.47', '4.14']",True,1.0
What is the significance of Jaratkaru’s marriage to Vasuki’s sister in the Mahabharata?,1.14,"['1.14', '1.46', '4.14']",True,1.0
How did Vinata become Kadru’s slave?,1.23,"['1.23', '1.25', '2.71']",True,1.0
What is the origin story of Garuda according to the Mahabharata?,1.23,"['1.23', '1.30', '6.56']",True,1.0
Why did the gods praise Garuda after his birth?,1.23,"['12.170', '1.23', '7.66']",True,2.0
What was the relationship between Vinata and Kadru in this episode?,1.23,"['1.25', '5.5', '5.128']",False,
Why did Garuda reduce his brilliance and size?,1.24,"['1.34', '5.105', '2.21']",False,
How did Aruna come to occupy his place as the charioteer of the Sun?,1.24,"['8.36', '7.115', '3.42']",False,
"What caused Surya’s intense brilliance and anger, and how was it pacified?",1.24,"['1.24', '7.172', '7.141']",True,1.0
"What connection exists between Garuda, Aruna, and the Sun in this story?",1.24,"['5.112', '3.224', '1.23']",False,
Why did Kadru praise Lord Indra in this section?,1.25,"['1.25', '7.4', '5.12']",True,1.0
How did Indra save the snake that had fainted from the sun’s heat?,1.25,"['1.58', '1.25', '3.66']",True,2.0
How did Indra cause rain that pleased the serpents?,1.26,"['1.26', '1.25', '1.27']",True,1.0
What events led to the serpents’ happiness after the rain?,1.26,"['1.26', '1.38', '1.36']",True,1.0
What is described about the forest of Ramaniyak Island?,1.27,"['6.6', '6.12', '3.177']",False,
How did Garuda plan to free himself from slavery to Kadru?,1.27,"['1.23', '1.34', '5.105']",False,
What role did the serpents play in Garuda’s attempt to gain freedom?,1.27,"['3.180', '3.179', '5.112']",False,
How is the beauty of Ramaniyak Island portrayed in the Mahabharata?,1.27,"['6.6', '6.12', '3.177']",False,
Why did Garuda go in search of nectar (amrita)?,1.28,"['1.34', '1.23', '5.112']",False,
Why did Garuda eat the Nishadas as instructed by his mother?,1.28,"['1.29', '7.64', '5.105']",False,
What challenges did Garuda face on his journey for the nectar?,1.28,"['5.112', '12.169', '1.23']",False,
What story did Kashyapa tell Garuda about the previous births of the elephant and the tortoise?,1.29,"['1.16', '12.170', '1.30']",False,
How did Garuda capture the elephant and the tortoise?,1.29,"['3.65', '9.20', '14.75']",False,
What happened when Garuda met Kashyapa after the banyan branch broke?,1.30,"['5.105', '5.67', '12.171']",False,
Why did Kashyapa request the Valakhilyas to leave the branch for penance?,1.30,"['12.32', '12.328', '7.111']",False,
How did Indra insult the Valakhilya sages?,1.31,"['5.12', '3.134', '3.224']",False,
What penance did the Valakhilyas perform after being insulted by Indra?,1.31,"['5.12', '5.18', '7.199']",False,
Why did Garuda engage in battle with the gods?,1.32,"['5.105', '1.23', '1.32']",True,3.0
What was the outcome of Garuda’s battle against the gods?,1.32,"['5.105', '6.56', '7.15']",False,
"Which gods fought against Garuda, and how were they defeated?",1.32,"['8.61', '3.227', '6.56']",False,
What happened when Garuda returned with the nectar (amrita)?,1.33,"['1.23', '5.105', '1.34']",False,
What boon did Lord Vishnu grant to Garuda on his journey?,1.33,"['5.105', '1.34', '12.170']",False,
"Why did Indra strike Garuda with his thunderbolt, and what was the result?",1.33,"['5.12', '3.288', '7.30']",False,
How did Indra and Garuda become friends after their conflict?,1.34,"['5.12', '1.34', '3.224']",True,2.0
What did Garuda do with the nectar when he arrived among the snakes?,1.34,"['1.27', '5.112', '1.23']",False,
How was Vinata released from slavery through Garuda’s actions?,1.34,"['5.105', '2.66', '5.119']",False,
What boon did Brahma grant to Sheshnag as a result of his penance?,1.36,"['13.103', '12.272', '12.35']",False,
How did Sheshnag come to hold the earth upon his head?,1.36,"['13.154', '12.207', '1.18']",False,
Why were the serpents cursed by their mother?,1.37,"['1.38', '1.36', '1.54']",False,
How did Vasuki and the other serpents plan to escape from the curse?,1.37,"['1.39', '1.38', '1.36']",False,
Why did Vasuki’s sister Jaratkaruka decide to marry Jaratkaru Muni?,1.38,"['1.14', '4.14', '1.46']",False,
What circumstances led to Jaratkaruka’s decision to marry the sage?,1.38,"['1.14', '1.46', '1.40']",False,
What did Brahma instruct Vasukika to do regarding his sister’s marriage?,1.39,"['3.71', '3.70', '9.48']",False,
How did Vasukika approach Jaratkaru Muni for the marriage proposal?,1.39,"['1.14', '4.14', '3.266']",False,
What penance did Jaratkaru perform in this section?,1.40,"['1.3', '2.22', '14.90']",False,
What incident led King Parikshit to place a dead snake on the sage’s shoulder?,1.40,"['1.41', '1.50', '1.51']",False,
Why was Krushakaśṛṅgi distressed by the king’s act?,1.40,"['2.14', '5.144', '3.27']",False,
Why did Shringi Rishi curse King Parikshit?,1.41,"['1.41', '1.3', '1.49']",True,1.0
How did Sage Shamika react to his son Shringi’s curse?,1.41,"['1.42', '1.36', '1.230']",False,
Why did Shamika believe that the curse on King Parikshit was unfair?,1.41,"['1.3', '1.42', '2.68']",False,
What advice did Sage Shamika give his son after he cursed King Parikshit?,1.42,"['1.42', '1.3', '15.35']",True,1.0
Why did Shamika send Gaurmukha to deliver a message to King Parikshit?,1.42,"['3.71', '15.35', '3.74']",False,
What preparations did King Parikshit make to protect himself from Takshaka’s curse?,1.42,"['1.36', '1.44', '1.51']",False,
"Why did Takshaka offer money to Kashyapa, and why did Kashyapa return it?",1.43,"['3.98', '13.51', '1.56']",False,
How did Takshaka approach King Parikshit through deceit?,1.43,"['1.56', '1.51', '5.192']",False,
How did Takshaka finally kill King Parikshit?,1.43,"['6.117', '7.179', '9.10']",False,
How did Janamejaya’s coronation ceremony take place?,1.44,"['12.40', '14.59', '14.70']",False,
"Whom did Janamejaya marry, and under what circumstances?",1.44,"['1.95', '1.64', '4.14']",False,
What did Jaratkaru see in his vision of his ancestors?,1.45,"['1.46', '1.40', '15.35']",False,
What conversation took place between Jaratkaru and his forefathers?,1.45,"['5.83', '14.16', '1.46']",False,
Why were Jaratkaru’s ancestors in distress in his vision?,1.45,"['1.230', '1.45', '1.46']",True,2.0
What condition did Jaratkaru set before agreeing to marry?,1.46,"['1.46', '1.14', '1.198']",True,1.0
How did Jaratkaru meet and marry the daughter of Vasukika?,1.46,"['1.14', '1.46', '4.14']",True,2.0
Why was Vasukika’s daughter also named Jaratkaru?,1.46,"['1.40', '1.14', '3.218']",False,
How was the marriage between Jaratkaru and the serpent girl solemnized?,1.47,"['1.47', '1.14', '1.112']",True,1.0
How did the serpent girl serve her husband with devotion?,1.47,"['1.47', '1.81', '14.80']",True,1.0
Why did Sage Jaratkaru abandon his wife after marriage?,1.47,"['1.46', '1.14', '1.47']",True,3.0
Where did Jaratkaru go to perform penance after leaving his wife?,1.47,"['1.46', '9.52', '15.19']",False,
Why was Vasuki Naga troubled after Jaratkaru left his sister?,1.48,"['1.48', '1.47', '1.54']",True,1.0
How did Vasuki’s sister console or relieve her brother’s worries?,1.48,"['1.39', '13.42', '4.14']",False,
"How was Aastika born, and who were his parents?",1.48,"['1.40', '1.16', '3.202']",False,
What qualities of righteousness and virtue did King Parikshit possess?,1.49,"['12.70', '12.92', '12.75']",False,
What happened during King Parikshit’s hunting expedition?,1.49,"['3.240', '3.50', '9.30']",False,
Why did King Parikshit insult or disdain the sage Shamika?,1.49,"['1.42', '1.49', '1.140']",True,2.0
Why did Shringi Rishi curse King Parikshit?,1.50,"['1.41', '1.3', '1.49']",False,
How did Takshaka fulfill the curse by killing King Parikshit?,1.50,"['1.44', '1.51', '1.56']",False,
Why did Kashyapa return after attempting to save Parikshit?,1.50,"['15.16', '8.68', '5.146']",False,
"How did Janamejaya react upon learning of his father’s death, and what vow did he make?",1.50,"['1.49', '12.151', '12.218']",False,
Why did the king decide to grant a boon to Aastika?,1.56,"['12.326', '3.299', '3.295']",False,
Why was Takshaka Naga worried during the serpent sacrifice?,1.56,"['1.51', '3.66', '1.52']",False,
What boon did Aastika request from the king?,1.56,"['12.326', '3.299', '3.295']",False,
Which were the chief snakes that were burnt in Janamejaya’s serpent sacrifice?,1.57,"['1.52', '1.53', '1.57']",True,3.0
How are the names of the serpents listed or described in this chapter?,1.57,"['1.35', '1.57', '3.180']",True,2.0
When did Vyasa arrive at Janamejaya’s Yajna?,1.60,"['12.328', '14.16', '1.220']",False,
Who requested Vaishampayana to narrate the Mahabharata?,1.60,"['14.61', '3.151', '1.59']",False,
In which episode does Vyasa ask Vaishampayana to tell the story of the Mahabharata?,1.60,"['6.2', '1.59', '14.61']",False,
Where in the Mahabharata is the narration of the epic formally begun?,1.60,"['1.59', '1.62', '12.54']",False,
Who initiated the recitation of the Mahabharata during Janamejaya’s sacrifice?,1.60,"['1.62', '18.6', '1.59']",False,
Which section describes King Dushyanta’s power and governance abilities?,1.68,"['2.55', '12.115', '5.148']",False,
How is King Dushyanta’s rule and strength depicted in the Mahabharata?,1.68,"['3.126', '8.60', '7.135']",False,
Where is Dushyanta’s administrative skill and valor mentioned?,1.68,"['9.61', '7.6', '7.68']",False,
What attributes made King Dushyanta a capable ruler according to the text?,1.68,"['12.85', '3.126', '5.148']",False,
Where does King Dushyanta go hunting in the Mahabharata?,1.69,"['9.27', '3.158', '8.60']",False,
Which chapter narrates Dushyanta’s hunting expedition in the forest?,1.69,"['3.258', '1.70', '3.240']",False,
What animals does King Dushyanta hunt and kill?,1.69,"['3.240', '7.68', '3.50']",False,
Which passage describes Dushyanta’s encounter with wild beasts?,1.69,"['7.68', '3.258', '11.5']",False,
Which chapter describes Kanva’s ashram and its surroundings?,1.70,"['3.163', '2.10', '15.27']",False,
When does King Dushyanta enter Sage Kanva’s hermitage?,1.70,"['1.71', '1.74', '3.158']",False,
Where is the Tapovan described in connection with Dushyanta?,1.70,"['1.171', '9.36', '9.42']",False,
Which scene introduces Dushyanta’s arrival at Kanva’s ashram?,1.70,"['3.256', '12.44', '5.7']",False,
Where does Dushyanta first meet and converse with Shakuntala?,1.71,"['1.71', '1.69', '3.183']",True,1.0
In which part does Shakuntala narrate the story of her birth?,1.71,"['1.69', '1.82', '5.14']",False,
Which episode describes Indra sending Menaka to disturb Vishwamitra’s penance?,1.71,"['1.72', '3.224', '5.12']",False,
How are Shakuntala’s origins connected to Vishwamitra and Menaka in the Mahabharata?,1.71,"['1.69', '3.202', '13.3']",False,
Which chapter narrates the meeting of Menaka and Vishwamitra?,1.72,"['4.67', '4.54', '1.72']",True,3.0
Where is the birth and rescue of the child Shakuntala described?,1.72,"['1.74', '1.69', '1.8']",False,
"Who raised Shakuntala after her birth, and how did she get her name?",1.72,"['1.74', '3.228', '1.69']",False,
How did the Shakunta birds protect the infant Shakuntala?,1.72,"['1.32', '13.32', '13.5']",False,
Which section describes the Gandharva marriage between Shakuntala and Dushyanta?,1.73,"['1.73', '13.44', '3.46']",True,1.0
Who approved the marriage of Shakuntala and Dushyanta in the Mahabharata?,1.73,"['1.73', '1.198', '5.191']",True,1.0
What type of marriage took place between Shakuntala and Dushyanta?,1.73,"['1.73', '1.82', '3.294']",True,1.0
In which part is Kanva’s approval of Shakuntala’s marriage mentioned?,1.73,"['1.71', '1.98', '1.82']",False,
Which chapter narrates the birth of Shakuntala’s son Bharata?,1.74,"['1.69', '14.70', '1.59']",False,
Where does Shakuntala meet Dushyanta after giving birth to her son?,1.74,"['1.82', '1.74', '1.72']",True,2.0
In which episode does Akashvani confirm Shakuntala’s purity?,1.74,"['5.15', '1.71', '5.17']",False,
Where is Bharata’s coronation described in the Mahabharata?,1.74,"['12.38', '14.70', '3.54']",False,
How is Shakuntala’s confrontation with Dushyanta depicted?,1.74,"['9.16', '7.170', '9.10']",False,
Which section describes King Pandu accidentally killing a sage disguised as a deer?,1.118,"['15.22', '3.50', '3.184']",False,
Who cursed King Pandu and why?,1.118,"['1.150', '1.125', '5.127']",False,
Where is the origin of Pandu’s curse narrated?,1.118,"['1.125', '1.150', '1.114']",False,
What event caused Pandu to renounce his royal duties?,1.118,"['1.114', '5.20', '1.125']",False,
Which chapter describes King Pandu’s repentance for killing the sage?,1.119,"['1.150', '1.125', '1.114']",False,
Where does Pandu renounce worldly life and take sannyasa?,1.119,"['1.120', '1.114', '1.125']",False,
What role did Pandu’s wives play in his decision to enter the forest?,1.119,"['1.114', '1.125', '15.22']",False,
Which episode marks Pandu’s entry into Vanaprastha Ashram?,1.119,"['1.120', '1.114', '5.32']",False,
Which story in the Mahabharata describes Bhadra giving birth from the body of her dead husband?,1.121,"['4.17', '1.82', '2.72']",False,
"Who was Vyushitashva, and what was the miracle involving his wife Bhadra?",1.121,"['13.42', '14.71', '3.219']",False,
Where is the tale of Bhadra and Vyushitashva mentioned?,1.121,"['3.271', '1.165', '3.1']",False,
Which section recounts the miraculous birth narrated by Bhadra?,1.121,"['14.70', '3.309', '14.66']",False,
Which episode narrates the return of Kunti and the Pandavas to Hastinapura?,1.126,"['3.247', '14.88', '15.24']",False,
Who escorted the Pandavas and Kunti to Bhishma after Pandu’s death?,1.126,"['1.206', '5.57', '1.150']",False,
Where does the Mahabharata describe the meeting between Bhishma and the Pandavas?,1.126,"['6.89', '6.116', '1.165']",False,
What was Bhishma’s role in receiving Kunti and her sons?,1.126,"['5.174', '1.157', '1.113']",False,
Where is the funeral of Pandu and Madri described?,1.127,"['1.127', '1.125', '1.150']",True,1.0
Which section mentions the Pandavas performing rites for their parents?,1.127,"['15.24', '15.22', '2.77']",False,
How did the brothers offer water and tribute to Pandu and Madri?,1.127,"['1.127', '1.192', '14.88']",True,1.0
What significance does this ritual hold in the Pandavas’ early life?,1.127,"['15.24', '3.258', '3.182']",False,
Which chapter describes the childhood of the Pandavas and Kauravas?,1.128,"['15.22', '15.24', '15.21']",False,
Where is Duryodhana’s attempt to poison Bhima mentioned?,1.128,"['6.80', '9.61', '9.33']",False,
What happened to Bhima after he was pushed into the Ganga?,1.128,"['1.129', '7.201', '4.17']",False,
Which section narrates Bhima’s journey to Nagaloka and his drinking of divine nectar?,1.128,"['4.17', '1.129', '1.59']",False,
Which section describes Kunti’s anxiety over Bhima’s disappearance?,1.129,"['1.129', '1.162', '4.17']",True,1.0
Where does Bhima return from the Nagaloka after gaining strength?,1.129,"['1.129', '10.1', '7.148']",True,1.0
How did Duryodhana react after Bhima’s return from the Nagas’ realm?,1.129,"['6.80', '9.61', '5.74']",False,
Which chapter continues the conflict between Bhima and Duryodhana after Bhima’s return?,1.129,"['7.132', '6.80', '6.78']",False,
Who built the secret tunnel beneath the Lakshagriha?,1.147,"['3.130', '3.153', '3.139']",False,
Which miner did Vidura send to construct a tunnel for the Pandavas?,1.147,"['1.218', '3.7', '4.25']",False,
Where in the Mahabharata is the tunnel under the house of lac described?,1.147,"['5.102', '6.6', '3.177']",False,
How did Vidura help the Pandavas prepare for their escape from the Lakshagriha?,1.147,"['3.7', '14.15', '15.24']",False,
Which chapter describes the burning of the house of lac (Lakshagriha)?,1.148,"['1.148', '1.150', '3.137']",True,1.0
How did the Pandavas escape from the burning Lakshagriha?,1.148,"['3.311', '15.24', '3.248']",False,
Where is the Pandavas’ night-time escape through the tunnel mentioned?,1.148,"['15.24', '4.25', '4.26']",False,
"Who set fire to the Lakshagriha, and what was the outcome?",1.148,"['1.150', '3.222', '1.141']",False,
Who arranged for the Pandavas to cross the Ganga after escaping the Lakshagriha?,1.149,"['1.170', '3.236', '3.7']",False,
Which sailor helped the Pandavas flee across the river?,1.149,"['11.27', '9.30', '15.24']",False,
Where is Vidura’s assistance in ferrying the Pandavas across the Ganges described?,1.149,"['3.7', '1.214', '1.149']",True,3.0
What role did the boatman play in helping the Pandavas escape?,1.149,"['9.30', '15.22', '1.149']",True,3.0
Which chapter narrates Dhritarashtra’s mourning and offering of water for the supposedly dead Pandavas?,1.150,"['7.85', '6.59', '15.24']",False,
Where is the ritual condolence for the Pandavas mentioned?,1.150,"['3.258', '7.181', '1.118']",False,
How did Dhritarashtra and others react to the news of the Pandavas’ death in the fire?,1.150,"['1.150', '9.2', '2.74']",True,1.0
Which passage marks the Pandavas’ entry into the forest after the Lakshagriha incident?,1.150,"['3.258', '15.24', '1.151']",False,
Which section describes Bhima’s sorrow seeing his family suffer in the forest?,1.151,"['1.151', '1.129', '15.22']",True,1.0
Where is Bhimasena shown bringing water for Kunti?,1.151,"['1.129', '4.17', '3.154']",False,
How does Bhima react to Kunti and his brothers sleeping on the bare ground?,1.151,"['1.129', '1.162', '4.17']",False,
In which episode does Bhima express anger towards Duryodhana after their escape?,1.151,"['6.80', '7.132', '1.162']",False,
Where does Hidimbi first encounter Bhima and the Pandavas?,1.152,"['1.129', '1.154', '15.24']",False,
Which chapter introduces the demoness Hidimba and her dialogue with Bhima?,1.152,"['4.17', '1.154', '1.155']",False,
How is the first meeting between Bhima and Hidimba described?,1.152,"['1.129', '4.17', '7.132']",False,
Who sends Hidimbi to meet the Pandavas and why?,1.152,"['1.154', '15.24', '5.7']",False,
Which section narrates the battle between Bhima and the demon Hidimba?,1.153,"['7.132', '6.54', '6.63']",False,
Where is Hidimbasura’s fear and confrontation with Bhimasena mentioned?,1.153,"['7.129', '3.151', '1.129']",False,
Who fights Hidimba in the Mahabharata and what happens in that combat?,1.153,"['1.154', '7.15', '6.116']",False,
Which chapter depicts Bhima’s combat with the rakshasa Hidimbasura?,1.153,"['7.132', '7.179', '7.129']",False,
In which episode does Bhima slay Hidimbasura?,1.154,"['6.80', '7.40', '1.129']",False,
Where does Hidimba express her affection toward Bhima and Kunti?,1.154,"['1.155', '4.17', '3.71']",False,
Who kills the rakshasa Hidimba and under what circumstances?,1.154,"['1.154', '1.155', '1.153']",True,1.0
Which passage describes Hidimba’s confession of feelings before Bhima kills Hidimbasura?,1.154,"['1.155', '1.154', '7.40']",True,2.0
Which chapter tells of Yudhishthira stopping Bhima from killing Hidimba?,1.155,"['7.127', '5.153', '1.162']",False,
Where is the story of Bhima and Hidimbi’s union and the birth of Ghatotkacha narrated?,1.155,"['1.59', '1.129', '6.78']",False,
Who was Ghatotkacha and how was he born?,1.155,"['7.176', '12.324', '1.67']",False,
Which section contains Hidimbi’s prayer to Bhima before their marriage?,1.155,"['4.17', '1.155', '5.174']",True,2.0
Where do the Pandavas meet Vyasa after escaping the forest?,1.156,"['15.24', '3.8', '1.218']",False,
Which chapter marks the Pandavas’ arrival at Ekachakra?,1.156,"['15.24', '3.7', '17.1']",False,
Who guides the Pandavas to settle temporarily in Ekachakra?,1.156,"['3.7', '15.24', '4.26']",False,
Where is the meeting between Vyasa and the Pandavas described after the Lakshagriha incident?,1.156,"['5.67', '14.15', '1.165']",False,
Where is the Pandavas’ departure to the forest described?,3.1,"['3.258', '1.151', '15.24']",False,
Which chapter mentions the Pandavas staying overnight at Praman-Kotirtha?,3.1,"['15.24', '3.7', '10.8']",False,
What discussion does Yudhishthira have with the Brahmins about wealth and hospitality?,3.2,"['13.11', '12.124', '15.26']",False,
Which chapter records Shaunaka’s dialogue with Yudhishthira on dharma and welfare?,3.2,"['1.4', '1.59', '5.133']",False,
Where does Yudhishthira obtain the Akshaya Patra from Surya?,3.3,"['18.3', '14.2', '13.21']",False,
Which section describes Yudhishthira’s prayer to Lord Surya for sustenance?,3.3,"['14.2', '18.3', '18.2']",False,
Which chapter describes Vidura advising Dhritarashtra?,3.4,"['5.41', '5.33', '1.201']",False,
Where does Dhritarashtra become angry and leave the palace after Vidura’s counsel?,3.4,"['1.201', '5.33', '2.74']",False,
Where do the Pandavas enter Kamyakavana during their exile?,3.5,"['15.24', '4.25', '3.238']",False,
Which chapter narrates Vidura’s meeting with the Pandavas in Kamyakavana?,3.5,"['3.7', '3.6', '15.24']",False,
Who sends Sanjaya to bring Vidura back from the forest?,3.6,"['3.6', '7.112', '5.30']",True,1.0
In which chapter does Dhritarashtra ask for Vidura’s forgiveness?,3.6,"['5.41', '3.6', '5.33']",True,2.0
Where do Duryodhana and his allies plan to attack the Pandavas in the forest?,3.7,"['3.258', '3.248', '4.26']",False,
Which chapter mentions Vyasa stopping Duryodhana from harming the Pandavas?,3.7,"['3.8', '3.246', '3.248']",False,
Which section records Vyasa advising Dhritarashtra against Duryodhana’s injustice?,3.8,"['9.61', '3.246', '5.139']",False,
Where does Vyasa intervene to protect the Pandavas from Duryodhana’s schemes?,3.8,"['3.8', '3.7', '6.82']",True,1.0
What is the story of Surabhi and Indra narrated by Vyasa?,3.9,"['16.8', '1.175', '12.328']",False,
Where does Vyasa describe Surabhi and Indra showing kindness to the Pandavas?,3.9,"['3.259', '3.8', '3.7']",False,
Who curses Duryodhana for his arrogance towards Maitreya?,3.10,"['5.74', '3.246', '9.61']",False,
Which chapter describes Maitreya advising Dhritarashtra to be kind to the Pandavas?,3.10,"['3.10', '6.62', '3.7']",True,1.0
Which section records Draupadi lamenting her humiliation before Krishna?,3.12,"['3.273', '1.199', '3.267']",False,
Where do Arjuna and Krishna assure Draupadi after her insult?,3.12,"['3.273', '7.91', '7.191']",False,
Where does Krishna discuss the evils of gambling with the Pandavas?,3.13,"['3.13', '2.59', '2.76']",True,1.0
Which chapter mentions Krishna regretting his absence during the dice game?,3.13,"['5.161', '8.91', '3.13']",True,3.0
Which chapter describes Krishna’s battle with Shalva and the destruction of Saubha?,3.14,"['3.14', '3.20', '3.15']",True,1.0
Where is Shalva’s defeat by Krishna narrated?,3.14,"['3.20', '3.14', '3.16']",True,2.0
Where are Dwaraka’s war preparations against Shalva described?,3.15,"['3.16', '3.20', '9.16']",False,
Which section narrates Krishna’s military preparations before the Saubha battle?,3.15,"['3.15', '3.16', '6.83']",True,1.0
Which chapter depicts the Yadava army fighting Shalva’s forces?,3.16,"['9.16', '9.11', '3.16']",True,3.0
Where is Pradyumna shown assuring the Yadava army in battle?,3.16,"['1.138', '7.87', '7.127']",False,
Which section narrates the duel between Pradyumna and Shalva?,3.17,"['7.15', '9.10', '7.168']",False,
Where does Pradyumna fight Shalva in a fierce battle?,3.17,"['3.18', '9.16', '7.15']",False,
Which chapter shows Pradyumna rebuking his charioteer for withdrawing him from battle?,3.18,"['3.18', '1.138', '3.19']",True,1.0
Where is Pradyumna’s remorse described after being carried from the field?,3.18,"['13.42', '1.9', '16.8']",False,
Where does Pradyumna defeat Shalva in combat?,3.19,"['3.18', '9.16', '7.15']",False,
Which section records Shalva’s downfall at Pradyumna’s hands?,3.19,"['16.1', '5.13', '8.78']",False,
Which chapter narrates the final battle between Krishna and Shalva?,3.20,"['3.20', '9.35', '3.14']",True,1.0
Where does Krishna destroy Shalva in direct combat?,3.20,"['3.20', '3.14', '3.16']",True,1.0
Which section records Draupadi’s anger at Yudhishthira during exile?,3.27,"['4.18', '3.27', '3.273']",True,2.0
Where does Draupadi urge Yudhishthira to fight his enemies?,3.27,"['5.153', '7.127', '5.50']",False,
Which chapter contains Draupadi’s narration of the dialogue between Prahlad and Bali?,3.28,"['4.19', '3.273', '1.204']",False,
Where is the story of Prahlad and Bali used by Draupadi to teach forgiveness?,3.28,"['3.28', '3.273', '3.27']",True,1.0
Where does Yudhishthira discuss the dangers of anger and the virtue of forgiveness?,3.29,"['3.29', '12.163', '2.73']",True,1.0
Which section records Yudhishthira praising forgiveness as a supreme virtue?,3.29,"['12.34', '14.3', '13.113']",False,
Where does Draupadi criticize Yudhishthira’s sense of dharma and justice?,3.30,"['4.18', '3.30', '11.12']",True,2.0
Which chapter describes Draupadi’s grief and reproach of Yudhishthira’s wisdom?,3.30,"['4.18', '3.27', '3.273']",False,
Which section contains Yudhishthira’s response to Draupadi’s objections about dharma?,3.31,"['4.18', '12.56', '2.78']",False,
Where does Yudhishthira explain the benefits of honoring God and sages?,3.31,"['13.125', '12.290', '12.278']",False,
Where does Draupadi urge Yudhishthira to value effort over destiny?,3.32,"['4.18', '3.30', '4.20']",False,
Which chapter records Draupadi emphasizing the importance of human endeavor?,3.32,"['3.30', '4.20', '3.32']",True,3.0
Which section praises Bhima’s valor and urges Yudhishthira to follow Kshatriya dharma?,3.33,"['15.13', '7.127', '1.162']",False,
Where is Yudhishthira encouraged to take up arms against his enemies?,3.33,"['12.27', '12.100', '12.103']",False,
Where does Yudhishthira reaffirm his vow to follow dharma in the forest?,3.34,"['12.9', '15.8', '3.158']",False,
Which chapter introduces the Nalopakhyana Parva with teachings on dharma and conduct?,3.34,"['12.191', '12.278', '12.93']",False,
Where does Bhima urge Yudhishthira to fight despite their misfortunes?,3.35,"['7.127', '1.162', '15.13']",False,
Which section shows Bhimasena expressing frustration at Yudhishthira’s patience?,3.35,"['7.127', '15.12', '1.162']",False,
Which chapter records Vyasa teaching Pratismriti Vidya to Yudhishthira?,3.36,"['12.328', '12.321', '14.3']",False,
Where does Vyasa meet the Pandavas and guide them before returning to Kamyakavana?,3.36,"['3.8', '3.7', '15.24']",False,
Where does Arjuna travel to Indrakil mountain and meet Indra?,3.37,"['3.140', '14.83', '1.215']",False,
Which section begins the Kairata Parva and Arjuna’s quest for divine weapons?,3.37,"['3.38', '7.81', '8.16']",False,
Which chapter describes Arjuna’s severe penance to please Lord Shiva?,3.38,"['8.71', '16.8', '3.38']",True,3.0
Where do sages discuss Arjuna’s tapasya with Lord Shankar?,3.38,"['14.16', '6.122', '3.38']",True,3.0
Where is Arjuna’s stotra or hymn in praise of Lord Shiva found?,3.39,"['6.23', '3.168', '3.165']",False,
Which section narrates Arjuna’s prayer to Lord Shiva before receiving a boon?,3.39,"['6.23', '3.168', '6.122']",False,
Which chapter narrates Shiva granting a boon to Arjuna?,3.40,"['3.168', '3.38', '3.40']",True,3.0
Where does Lord Shankar bless Arjuna with divine weapons and depart?,3.40,"['6.122', '7.81', '7.19']",False,
Which section describes the Dikpalas gifting divine weapons to Arjuna?,3.41,"['1.234', '8.16', '8.38']",False,
Where is Arjuna instructed by Indra to ascend to heaven?,3.41,"['3.168', '3.174', '3.249']",False,
Where does Arjuna ascend to heaven with Matali as his charioteer?,3.42,"['3.165', '3.42', '3.168']",True,2.0
Which chapter describes Arjuna’s journey from the Himalayas to Indraloka?,3.42,"['14.83', '7.90', '2.27']",False,
Where is Arjuna’s meeting with Devraj Indra described?,3.43,"['8.65', '8.71', '7.84']",False,
Which chapter mentions Indra sending a maiden to Kundinpur?,3.43,"['5.12', '3.224', '1.124']",False,
Which section describes Arjuna learning divine weapons in Indraloka?,3.44,"['1.139', '3.38', '3.44']",True,3.0
Where does Indra instruct Arjuna in celestial warfare?,3.44,"['6.21', '3.174', '3.48']",False,
Where is the dialogue between Chitrasena and Urvashi found?,3.45,"['3.45', '1.4', '1.59']",True,1.0
Which chapter features Chitrasena’s discussion with Urvashi in heaven?,3.45,"['3.45', '1.4', '18.1']",True,1.0
Where does Urvashi approach Arjuna with desire and curse him upon rejection?,3.46,"['3.46', '8.71', '3.45']",True,1.0
Which chapter narrates Urvashi’s curse making Arjuna live as a eunuch?,3.46,"['3.46', '1.182', '1.180']",True,1.0
Which section narrates Lomasha meeting Arjuna and Indra in heaven?,3.47,"['3.130', '14.16', '3.91']",False,
Where does Lomasha carry Indra’s message to the Pandavas in Kamyakavana?,3.47,"['3.91', '3.125', '3.145']",False,
Which chapter shows Dhritarashtra expressing worry for his sons?,3.48,"['6.90', '15.2', '1.117']",False,
Where does Dhritarashtra confide his fears to Sanjaya?,3.48,"['5.71', '5.59', '7.11']",False,
Which section records Dhritarashtra’s anger during his discussion with Sanjaya?,3.49,"['9.32', '9.64', '7.202']",False,
Where does Sanjaya attempt to calm the worried Dhritarashtra?,3.49,"['7.94', '5.71', '7.202']",False,
Where is the description of the Pandavas’ diet during their forest exile?,3.50,"['3.258', '15.29', '3.50']",True,3.0
Which chapter mentions what food the Pandavas ate while in the forest?,3.50,"['3.258', '15.29', '3.50']",True,3.0
Where does Sanjaya tell Dhritarashtra about Krishna’s vow to destroy Duryodhana?,3.51,"['9.27', '5.71', '9.5']",False,
Which chapter contains the account of Krishna’s oath for the Pandavas’ revenge?,3.51,"['1.213', '3.311', '3.12']",False,
Where does Brihadashva narrate the story of Nala to Yudhishthira?,3.52,"['3.60', '3.76', '3.67']",False,
Which chapter describes Brihadashva meeting the Pandavas and beginning the Nalopakhyana?,3.52,"['1.165', '15.24', '1.218']",False,
Where is King Sagara’s penance to obtain children described?,3.106,"['15.20', '15.2', '1.115']",False,
Which chapter narrates Lord Shiva granting a boon to King Sagara?,3.106,"['3.40', '15.20', '5.18']",False,
Which section narrates the burning of King Sagara’s sixty thousand sons by Sage Kapila?,3.107,"['1.150', '1.148', '4.23']",False,
Where is the lineage from Sagara to Bhagiratha described in the Mahabharata?,3.107,"['3.106', '1.59', '1.5']",False,
Which chapter describes Bhagiratha’s penance to bring the Ganga to earth?,3.108,"['7.60', '1.214', '12.50']",False,
Where does Ganga grant Bhagiratha the boon to descend from heaven?,3.108,"['7.60', '1.96', '3.109']",False,
Where is the descent of Ganga from heaven to earth narrated?,3.109,"['3.109', '1.214', '7.60']",True,1.0
Which chapter describes the salvation of the sons of Sagara through Ganga’s descent?,3.109,"['7.60', '14.1', '1.214']",False,
Which chapter narrates King Lomapada’s efforts to bring Rishyashringa to his kingdom?,3.110,"['3.122', '3.91', '3.288']",False,
Where is the story of Rishyashringa and the greatness of Nanda and Kaushiki described?,3.110,"['1.1', '3.274', '3.113']",False,
Where does the prostitute seduce Rishyashringa to lure him away from his ashram?,3.111,"['3.111', '3.113', '1.71']",True,1.0
Which chapter shows Vibhandaka questioning the cause of his concern for Rishyashringa?,3.111,"['3.113', '15.13', '3.71']",False,
Which section contains Rishyashringa describing the appearance of the celibate woman to Vibhandaka?,3.112,"['1.122', '9.48', '3.113']",False,
Where does Rishyashringa narrate his encounter with the prostitute to his father?,3.112,"['1.83', '1.169', '1.4']",False,
Where is Rishyashringa’s marriage to King Lomapada’s daughter described?,3.113,"['3.122', '3.97', '3.111']",False,
Which chapter narrates Lomapada welcoming Sage Vibhandaka and earning his blessing?,3.113,"['14.16', '3.91', '16.7']",False,
"Which chapter narrates Yudhishthira’s pilgrimage through Kaushiki, Ganga Sagar, and Vaitarani?",3.114,"['3.140', '18.3', '18.2']",False,
Where is Yudhishthira’s journey to Mahendra Parvat mentioned?,3.114,"['18.3', '3.158', '3.52']",False,
Where is the story of Parashurama’s lineage beginning with Richika and Gadhikanya told?,3.115,"['3.274', '1.95', '12.173']",False,
Which chapter describes Jamadagni’s birth by the grace of Sage Bhrigu?,3.115,"['14.70', '3.116', '1.49']",False,
Where is Parashurama’s act of beheading his mother and reviving her described?,3.116,"['12.173', '3.138', '5.186']",False,
Which chapter narrates Parashurama’s battle with Kartavirya Arjuna?,3.116,"['14.83', '6.116', '14.74']",False,
Where is Parashurama’s destruction of the Kshatriyas twenty-one times described?,3.117,"['12.48', '3.11', '8.54']",False,
Which section mentions Yudhishthira worshipping Parashurama?,3.117,"['18.2', '18.3', '13.31']",False,
Which chapter tells the story of Ashtavakra’s birth and deformity?,3.132,"['3.132', '13.21', '13.20']",True,1.0
Where does Ashtavakra first visit King Janaka’s court?,3.132,"['12.326', '13.21', '14.59']",False,
Where does Ashtavakra converse with the gatekeeper before meeting King Janaka?,3.133,"['12.326', '3.133', '5.32']",True,2.0
Which chapter describes the dialogue between Ashtavakra and Janaka?,3.133,"['14.16', '3.134', '13.21']",False,
Which chapter narrates Ashtavakra’s debate with Bandi in King Janaka’s court?,3.134,"['3.134', '7.96', '12.326']",True,1.0
Where does Ashtavakra regain his normal form after bathing in the Samanga River?,3.134,"['13.21', '9.43', '3.132']",False,
Where does Bhima fight wild beasts and get caught by a giant serpent?,3.178,"['3.179', '3.180', '1.129']",False,
Which chapter describes Bhima’s encounter with the python in the forest?,3.178,"['1.151', '3.179', '3.151']",False,
Which chapter features Bhima’s conversation with Nahusha in serpent form?,3.179,"['3.180', '3.179', '3.66']",True,2.0
Where is Yudhishthira shown searching for Bhima after his capture?,3.179,"['1.129', '7.127', '18.2']",False,
Which section narrates Yudhishthira’s dialogue with Nahusha in serpent form?,3.180,"['3.180', '3.181', '8.66']",True,1.0
Where does Yudhishthira answer Nahusha’s questions to free Bhima?,3.180,"['7.127', '15.12', '7.52']",False,
Where does Nahusha get released from his serpent curse after Yudhishthira’s answers?,3.181,"['3.180', '13.100', '5.17']",False,
Which chapter ends the story of Nahusha’s liberation and Bhima’s release?,3.181,"['6.63', '10.1', '7.40']",False,
Which chapter describes Draupadi teaching Satyabhama about the duties of a virtuous wife?,3.233,"['3.233', '1.199', '4.19']",True,1.0
Where is the conversation between Draupadi and Satyabhama on chastity found?,3.233,"['3.233', '3.295', '4.19']",True,1.0
Which chapter explains how a wife can please her husband through devoted service?,3.234,"['3.234', '13.46', '12.144']",True,1.0
Where is the teaching on serving one’s husband with devotion described?,3.234,"['3.234', '13.19', '12.144']",True,1.0
Where does Satyabhama depart for Dwaraka with Shri Krishna?,3.235,"['5.7', '1.220', '5.59']",False,
Which section narrates Satyabhama assuring Draupadi before leaving?,3.235,"['7.126', '4.19', '7.130']",False,
Which chapter describes the birth of Shri Ram and the origin of Kubera?,3.274,"['3.23', '3.277', '1.109']",False,
Where is Kubera’s attainment of wealth narrated?,3.274,"['1.109', '14.63', '12.28']",False,
Where is Ravana’s origin and Kubera’s curse on him described?,3.275,"['3.274', '3.275', '1.6']",True,2.0
"Which section tells of the birth and penance of Ravana, Kumbhakarna, and Vibhishana?",3.275,"['3.274', '3.275', '11.9']",True,2.0
Which chapter narrates the gods appealing to Brahma to stop Ravana’s tyranny?,3.276,"['12.39', '3.278', '5.17']",False,
Where is the origin of the monkey and bear warriors described?,3.276,"['3.283', '3.286', '3.287']",False,
Which section tells about Ram’s exile and Bharata’s visit to Chitrakoot?,3.277,"['9.26', '7.194', '8.10']",False,
Where is the killing of Khar and Dushan described?,3.277,"['9.27', '8.92', '8.63']",False,
Where does Ravana abduct Sita after Maricha’s death?,3.278,"['3.281', '3.278', '3.291']",True,2.0
Which chapter narrates the killing of Maricha disguised as a deer?,3.278,"['3.184', '12.126', '3.258']",False,
Which section describes the killing of Jatayu and his funeral by Shri Ram?,3.279,"['7.51', '4.23', '8.92']",False,
Where does Kabandha’s story and his killing by Ram appear?,3.279,"['8.63', '8.95', '7.41']",False,
Which chapter narrates the alliance between Rama and Sugriva and the killing of Vali?,3.280,"['3.280', '16.4', '16.1']",True,1.0
Where is Trijata comforting Sita in Ashok Vatika described?,3.280,"['3.291', '3.295', '9.36']",False,
Where does the dialogue between Ravana and Sita take place in Lanka?,3.281,"['3.148', '3.291', '3.284']",False,
Which chapter records Ravana’s persuasion and Sita’s steadfast refusal?,3.281,"['3.148', '3.281', '3.291']",True,2.0
Which chapter narrates Hanuman’s return from Lanka and recounting his journey?,3.282,"['3.148', '3.147', '3.280']",False,
Where does Sugriva send the monkey army to search for Sita?,3.282,"['3.148', '3.287', '3.282']",True,3.0
Which section describes the building of the bridge to Lanka?,3.283,"['3.284', '6.6', '1.149']",False,
Where is Angada’s embassy to Ravana mentioned?,3.283,"['3.284', '3.281', '3.67']",False,
Which chapter depicts Angada delivering Ram’s message to Ravana?,3.284,"['8.18', '7.159', '9.34']",False,
Where is the battle between the Vanaras and Rakshasas narrated?,3.284,"['6.2', '7.179', '16.1']",False,
Which chapter narrates Swaha’s union with Agni taking the form of sages’ wives?,3.224,"['3.225', '3.46', '4.15']",False,
Where is the story of Agni’s union with Swaha described?,3.224,"['3.217', '1.23', '3.225']",False,
Which chapter describes the birth of Skanda (Kartikeya)?,3.225,"['3.228', '3.229', '3.230']",False,
Where is the destruction of mountains like Krauncha by Skanda mentioned?,3.225,"['3.11', '16.1', '3.171']",False,
Where is Vishwamitra performing the sacred rites for Skanda described?,3.226,"['9.42', '9.55', '9.54']",False,
Which chapter mentions Agnidev protecting the child Skanda?,3.226,"['3.228', '3.231', '9.44']",False,
Where does Skanda grant protection to Indra and the other gods after their defeat?,3.227,"['3.229', '5.12', '5.18']",False,
Which section narrates the gods seeking refuge in Skanda?,3.227,"['3.228', '12.327', '5.99']",False,
Which chapter tells of Skanda being made the commander of the gods?,3.229,"['3.229', '3.228', '9.44']",True,1.0
Where is Skanda’s marriage to Devasena described?,3.229,"['3.228', '3.224', '1.82']",False,
Which chapter explains how the Krittikas became stars in the sky?,3.230,"['3.230', '18.4', '3.227']",True,1.0
Where is the description of planets causing troubles to humans found?,3.230,"['6.3', '5.143', '5.84']",False,
Where is Skanda’s battle with Mahishasura narrated?,3.231,"['7.39', '3.271', '9.10']",False,
Which chapter mentions Skanda’s journey with Rudra and the gods?,3.231,"['3.228', '3.229', '3.231']",True,3.0
Which section lists the many names and titles of Kartikeya?,3.232,"['3.232', '1.35', '3.265']",True,1.0
Where is the praise and glorification of Kartikeya described?,3.232,"['3.232', '3.265', '7.4']",True,1.0
Which chapter narrates the great battle between Rama and Ravana’s armies?,3.285,"['9.35', '3.285', '3.290']",True,2.0
Where is the clash of the Vanara and Rakshasa forces described?,3.285,"['6.94', '3.285', '7.179']",True,2.0
Where does Ravana awaken Kumbhakarna for battle?,3.286,"['9.55', '3.288', '7.187']",False,
Which section describes Ravana’s grief over Prahastha and Dhumraksha’s deaths?,3.286,"['1.9', '7.59', '7.181']",False,
Which chapter depicts the killing of Kumbhakarna by Shri Ram?,3.287,"['16.4', '8.54', '8.92']",False,
Where are Vajravega and Pramathika slain in battle?,3.287,"['15.32', '8.5', '7.30']",False,
Where does Indrajit use illusion in battle against Rama and Lakshmana?,3.288,"['9.31', '3.288', '3.289']",True,2.0
Which chapter narrates Rama and Lakshmana becoming unconscious in Indrajit’s attack?,3.288,"['16.4', '3.288', '9.60']",True,2.0
Which chapter describes Lakshmana killing Indrajit?,3.289,"['3.288', '7.30', '9.10']",False,
Where does Avindhya restrain Ravana from killing Sita?,3.289,"['3.291', '3.281', '3.279']",False,
Which chapter recounts the final duel between Rama and Ravana?,3.290,"['9.35', '7.59', '3.285']",False,
Where is Ravana’s death at Rama’s hands described?,3.290,"['7.59', '3.274', '3.278']",False,
Which chapter narrates Sita’s trial by fire and divine vindication?,3.291,"['3.282', '3.148', '3.291']",True,3.0
Where does Rama return to Ayodhya and reunite with Bharata?,3.291,"['3.274', '3.291', '9.35']",True,2.0
Where does Sage Markandeya console or reassure Yudhishthira?,3.292,"['3.6', '13.1', '3.159']",False,
Which section contains Markandeya’s counsel to Yudhishthira during exile?,3.292,"['14.2', '11.12', '14.87']",False,
Which chapter tells of King Aswapati’s boon of a daughter Savitri?,3.293,"['1.16', '3.293', '5.104']",True,2.0
Where is Aswapati’s search for a suitable husband for Savitri described?,3.293,"['1.16', '3.294', '1.46']",False,
Which chapter narrates Savitri’s decision to marry Satyavan?,3.294,"['3.295', '3.296', '3.298']",False,
Where does Savitri express her firm resolve to wed Satyavan despite warnings?,3.294,"['3.296', '3.295', '3.297']",False,
Which chapter narrates the wedding of Savitri and Satyavan?,3.295,"['5.174', '3.296', '3.295']",True,3.0
Where is the account of Savitri’s devoted service to her family found?,3.295,"['3.293', '3.296', '1.1']",False,
Which chapter depicts Savitri’s vow and her journey to the forest with Satyavan?,3.296,"['3.296', '3.295', '3.298']",True,1.0
Where is Savitri’s act of fasting before accompanying Satyavan described?,3.296,"['3.296', '3.297', '3.298']",True,1.0
Which chapter contains the dialogue between Savitri and Yama?,3.297,"['3.297', '1.1', '1.191']",True,1.0
Where does Yama restore Satyavan’s life and bless Savitri?,3.297,"['3.297', '3.298', '7.71']",True,1.0
Which chapter describes Dyumatsena’s concern for his son Satyavan?,3.298,"['3.298', '7.110', '3.8']",True,1.0
Where does Savitri explain the cause of her delayed return with Satyavan?,3.298,"['3.296', '3.298', '3.297']",True,2.0
Where does Dyumatsena regain his kingdom with the people’s request?,3.299,"['3.299', '5.4', '4.35']",True,1.0
Which chapter describes the blessings of Savitri’s hundred sons and brothers?,3.299,"['15.33', '5.1', '3.128']",False,
Which chapter describes Surya warning Karna about Indra’s visit?,3.300,"['5.146', '5.145', '8.68']",False,
Where does Karna insist on giving away his divine armor and earrings?,3.300,"['12.5', '5.145', '3.310']",False,
Which chapter describes Surya warning Karna against giving his earrings to Indra?,3.301,"['5.145', '5.146', '3.300']",False,
Where does Surya advise Karna to keep his divine armor and earrings?,3.301,"['5.145', '3.302', '12.5']",False,
Which chapter narrates the dialogue between Surya and Karna?,3.302,"['5.146', '5.145', '12.6']",False,
Where does Karna resolve to part with his armor only after gaining a boon from Indra?,3.302,"['12.5', '5.145', '11.21']",False,
Where does Sage Durvasa arrive at Kuntibhoja’s court?,3.303,"['5.32', '1.220', '15.16']",False,
Which chapter describes Kuntibhoja assigning Pritha (Kunti) to serve Durvasa?,3.303,"['3.305', '1.199', '3.304']",False,
Which chapter narrates Kunti’s conversation with her father about Durvasa’s visit?,3.304,"['15.18', '15.16', '14.88']",False,
Where is Kunti’s service to the Brahmin guest described?,3.304,"['3.304', '3.303', '1.157']",True,1.0
Where does Durvasa teach Kunti the divine mantra as a reward for her service?,3.305,"['15.30', '3.304', '1.199']",False,
Which section describes the Brahmin granting Kunti a boon for her devotion?,3.305,"['3.304', '3.303', '15.17']",False,
Which chapter describes Kunti invoking the Sun God through the mantra?,3.306,"['15.30', '3.306', '3.304']",True,2.0
Where is the dialogue between Kunti and Surya narrated?,3.306,"['1.191', '15.16', '3.304']",False,
Where does Surya bless Kunti and cause her to conceive Karna?,3.307,"['5.146', '5.145', '3.308']",False,
Which chapter narrates the divine conception of Karna by Kunti and Surya?,3.307,"['5.145', '5.146', '5.140']",False,
Which chapter tells of Karna’s birth and Kunti setting him afloat in the river?,3.308,"['1.137', '5.145', '11.27']",False,
Where does Kunti grieve after abandoning her infant son Karna?,3.308,"['5.145', '2.79', '5.141']",False,
Which chapter describes Karna’s adoption by Adhiratha and Radha?,3.309,"['5.145', '5.141', '1.137']",False,
Where is Indra’s arrival to meet Karna mentioned?,3.309,"['5.12', '5.145', '3.224']",False,
Where does Indra receive Karna’s divine armor and earrings in exchange for a boon?,3.310,"['3.310', '3.174', '12.5']",True,1.0
Which chapter narrates Indra blessing Karna with the Vasavi Shakti weapon?,3.310,"['8.74', '12.2', '7.184']",False,
Which chapter narrates the Pandavas chasing a deer that stole the Brahmin’s firewood?,3.311,"['3.258', '3.311', '1.118']",True,2.0
Where is the incident leading to the Yaksha’s lake described?,3.311,"['3.153', '3.312', '3.154']",False,
Where do the Pandavas fall unconscious one after another by the lake?,3.312,"['15.24', '3.258', '9.30']",False,
Which section precedes Yudhishthira’s encounter with the Yaksha?,3.312,"['18.3', '18.2', '5.153']",False,
Which chapter contains the dialogue between Yaksha and Yudhishthira?,3.313,"['8.66', '18.3', '18.2']",False,
Where does Yaksha restore the lives of the Pandavas after being pleased with Yudhishthira’s answers?,3.313,"['3.314', '3.52', '3.7']",False,
Which section includes Yudhishthira’s famous philosophical responses to Yaksha?,3.313,"['12.201', '12.290', '12.129']",False,
